0 verbose cli C:\Program Files\nodejs\node.exe C:\Program Files\nodejs\node_modules\npm\bin\npm-cli.js
1 info using npm@11.6.2
2 info using node@v24.13.0
3 silly config load:file:C:\Program Files\nodejs\node_modules\npm\npmrc
4 silly config load:file:D:\APPS(d)\KryinEphor\KryinEphor\videos\kryin-ephor-hyperframes\.npmrc
5 silly config load:file:C:\Users\Narco\.npmrc
6 silly config load:file:C:\Users\Narco\AppData\Roaming\npm\etc\npmrc
7 verbose title npm exec hyperframes@0.7.68 auth status
8 verbose argv "exec" "--cache" "..\\..\\.npm-cache" "--yes" "--" "hyperframes@0.7.68" "auth" "status"
9 verbose logfile logs-max:10 dir:D:\APPS(d)\KryinEphor\KryinEphor\.npm-cache\_logs\2026-07-23T17_06_03_476Z-
10 verbose logfile D:\APPS(d)\KryinEphor\KryinEphor\.npm-cache\_logs\2026-07-23T17_06_03_476Z-debug-0.log
11 silly logfile done cleaning log files
12 silly packumentCache heap:4496293888 maxSize:1124073472 maxEntrySize:562036736
13 http fetch GET 200 https://registry.npmjs.org/hyperframes 233ms (cache revalidated)
14 silly packumentCache heap:4496293888 maxSize:1124073472 maxEntrySize:562036736
15 silly packumentCache heap:4496293888 maxSize:1124073472 maxEntrySize:562036736
16 silly idealTree buildDeps
17 silly fetch manifest hyperframes@0.7.68
18 silly packumentCache full:https://registry.npmjs.org/hyperframes cache-miss
19 http fetch GET 200 https://registry.npmjs.org/hyperframes 307ms (cache revalidated)
20 silly packumentCache full:https://registry.npmjs.org/hyperframes set size:930006 disposed:false
21 silly placeDep ROOT hyperframes@0.7.68 OK for:  want: 0.7.68
22 silly fetch manifest @hono/node-server@^1.8.0
23 silly packumentCache full:https://registry.npmjs.org/@hono%2fnode-server cache-miss
24 silly fetch manifest @puppeteer/browsers@^3.0.6
25 silly packumentCache full:https://registry.npmjs.org/@puppeteer%2fbrowsers cache-miss
26 silly fetch manifest adm-zip@^0.5.16
27 silly packumentCache full:https://registry.npmjs.org/adm-zip cache-miss
28 silly fetch manifest citty@^0.2.1
29 silly packumentCache full:https://registry.npmjs.org/citty cache-miss
30 silly fetch manifest compare-versions@^6.1.1
31 silly packumentCache full:https://registry.npmjs.org/compare-versions cache-miss
32 silly fetch manifest debug@^4.4.0
33 silly packumentCache full:https://registry.npmjs.org/debug cache-miss
34 silly fetch manifest esbuild@^0.25.12
35 silly packumentCache full:https://registry.npmjs.org/esbuild cache-miss
36 silly fetch manifest fontkit@^2.0.4
37 silly packumentCache full:https://registry.npmjs.org/fontkit cache-miss
38 silly fetch manifest giget@^3.2.0
39 silly packumentCache full:https://registry.npmjs.org/giget cache-miss
40 silly fetch manifest hono@^4.0.0
41 silly packumentCache full:https://registry.npmjs.org/hono cache-miss
42 silly fetch manifest ignore@^5.3.2
43 silly packumentCache full:https://registry.npmjs.org/ignore cache-miss
44 silly fetch manifest onnxruntime-node@1.23.2
45 silly packumentCache full:https://registry.npmjs.org/onnxruntime-node cache-miss
46 silly fetch manifest open@^10.0.0
47 silly packumentCache full:https://registry.npmjs.org/open cache-miss
48 silly fetch manifest postcss@^8.5.8
49 silly packumentCache full:https://registry.npmjs.org/postcss cache-miss
50 silly fetch manifest prettier@^3.8.1
51 silly packumentCache full:https://registry.npmjs.org/prettier cache-miss
52 http fetch GET 200 https://registry.npmjs.org/esbuild 106ms (cache revalidated)
53 silly packumentCache full:https://registry.npmjs.org/esbuild set size:1259608 disposed:false
54 silly fetch manifest puppeteer-core@^25.2.1
55 silly packumentCache full:https://registry.npmjs.org/puppeteer-core cache-miss
56 http fetch GET 200 https://registry.npmjs.org/prettier 192ms (cache revalidated)
57 silly packumentCache full:https://registry.npmjs.org/prettier set size:716664 disposed:false
58 silly fetch manifest sharp@^0.34.5
59 silly packumentCache full:https://registry.npmjs.org/sharp cache-miss
60 http fetch GET 200 https://registry.npmjs.org/debug 235ms (cache revalidated)
61 silly packumentCache full:https://registry.npmjs.org/debug set size:195840 disposed:false
62 silly fetch manifest @google/genai@^1.50.1
63 silly packumentCache full:https://registry.npmjs.org/@google%2fgenai cache-miss
64 http fetch GET 200 https://registry.npmjs.org/fontkit 241ms (cache revalidated)
65 silly packumentCache full:https://registry.npmjs.org/fontkit set size:107678 disposed:false
66 http fetch GET 200 https://registry.npmjs.org/@puppeteer%2fbrowsers 249ms (cache revalidated)
67 silly packumentCache full:https://registry.npmjs.org/@puppeteer%2fbrowsers set size:271848 disposed:false
68 http fetch GET 200 https://registry.npmjs.org/adm-zip 255ms (cache revalidated)
69 silly packumentCache full:https://registry.npmjs.org/adm-zip set size:90978 disposed:false
70 http fetch GET 200 https://registry.npmjs.org/hono 276ms (cache revalidated)
71 silly packumentCache full:https://registry.npmjs.org/hono set size:5951361 disposed:false
72 http fetch GET 200 https://registry.npmjs.org/open 357ms (cache revalidated)
73 silly packumentCache full:https://registry.npmjs.org/open set size:136392 disposed:false
74 http fetch GET 200 https://registry.npmjs.org/ignore 363ms (cache revalidated)
75 silly packumentCache full:https://registry.npmjs.org/ignore set size:240910 disposed:false
76 http fetch GET 200 https://registry.npmjs.org/postcss 378ms (cache revalidated)
77 silly packumentCache full:https://registry.npmjs.org/postcss set size:746616 disposed:false
78 http fetch GET 200 https://registry.npmjs.org/puppeteer-core 278ms (cache revalidated)
79 silly packumentCache full:https://registry.npmjs.org/puppeteer-core set size:1549625 disposed:false
80 http fetch GET 200 https://registry.npmjs.org/sharp 225ms (cache revalidated)
81 silly packumentCache full:https://registry.npmjs.org/sharp set size:1201295 disposed:false
82 http fetch GET 200 https://registry.npmjs.org/citty 460ms (cache revalidated)
83 silly packumentCache full:https://registry.npmjs.org/citty set size:38582 disposed:false
84 http fetch GET 200 https://registry.npmjs.org/onnxruntime-node 459ms (cache revalidated)
85 silly packumentCache full:https://registry.npmjs.org/onnxruntime-node set size:504948 disposed:false
86 http fetch GET 200 https://registry.npmjs.org/@hono%2fnode-server 493ms (cache revalidated)
87 silly packumentCache full:https://registry.npmjs.org/@hono%2fnode-server set size:268018 disposed:false
88 http fetch GET 200 https://registry.npmjs.org/giget 495ms (cache revalidated)
89 silly packumentCache full:https://registry.npmjs.org/giget set size:100226 disposed:false
90 http fetch GET 200 https://registry.npmjs.org/compare-versions 501ms (cache revalidated)
91 silly packumentCache full:https://registry.npmjs.org/compare-versions set size:84298 disposed:false
92 http fetch GET 200 https://registry.npmjs.org/@google%2fgenai 683ms (cache revalidated)
93 silly packumentCache full:https://registry.npmjs.org/@google%2fgenai set size:504996 disposed:false
94 silly fetch manifest proxy-agent@>=8.0.1
95 silly packumentCache full:https://registry.npmjs.org/proxy-agent cache-miss
96 http fetch GET 200 https://registry.npmjs.org/proxy-agent 41ms (cache revalidated)
97 silly packumentCache full:https://registry.npmjs.org/proxy-agent set size:81277 disposed:false
98 silly fetch manifest yauzl@^2.10.0 || ^3.4.0
99 silly packumentCache full:https://registry.npmjs.org/yauzl cache-miss
100 http fetch GET 200 https://registry.npmjs.org/yauzl 39ms (cache revalidated)
101 silly packumentCache full:https://registry.npmjs.org/yauzl set size:114252 disposed:false
102 silly fetch manifest @modelcontextprotocol/sdk@^1.25.2
103 silly packumentCache full:https://registry.npmjs.org/@modelcontextprotocol%2fsdk cache-miss
104 http fetch GET 200 https://registry.npmjs.org/@modelcontextprotocol%2fsdk 55ms (cache revalidated)
105 silly packumentCache full:https://registry.npmjs.org/@modelcontextprotocol%2fsdk set size:295660 disposed:false
106 silly fetch manifest @cfworker/json-schema@^4.1.1
107 silly packumentCache full:https://registry.npmjs.org/@cfworker%2fjson-schema cache-miss
108 http fetch GET 200 https://registry.npmjs.org/@cfworker%2fjson-schema 58ms (cache revalidated)
109 silly packumentCache full:https://registry.npmjs.org/@cfworker%2fjson-schema set size:144207 disposed:false
110 silly placeDep ROOT @google/genai@1.52.0 OK for: hyperframes@0.7.68 want: ^1.50.1
111 silly placeDep ROOT @hono/node-server@1.19.14 OK for: hyperframes@0.7.68 want: ^1.8.0
112 silly placeDep ROOT hono@4.12.31 OK for: @hono/node-server@1.19.14 want: ^4
113 silly placeDep ROOT @puppeteer/browsers@3.0.6 OK for: hyperframes@0.7.68 want: ^3.0.6
114 silly placeDep ROOT adm-zip@0.5.18 OK for: hyperframes@0.7.68 want: ^0.5.16
115 silly placeDep ROOT citty@0.2.2 OK for: hyperframes@0.7.68 want: ^0.2.1
116 silly placeDep ROOT compare-versions@6.1.1 OK for: hyperframes@0.7.68 want: ^6.1.1
117 silly placeDep ROOT debug@4.4.3 OK for: hyperframes@0.7.68 want: ^4.4.0
118 silly placeDep ROOT esbuild@0.25.12 OK for: hyperframes@0.7.68 want: ^0.25.12
119 silly placeDep ROOT fontkit@2.0.4 OK for: hyperframes@0.7.68 want: ^2.0.4
120 silly placeDep ROOT giget@3.3.0 OK for: hyperframes@0.7.68 want: ^3.2.0
121 silly placeDep ROOT ignore@5.3.2 OK for: hyperframes@0.7.68 want: ^5.3.2
122 silly placeDep ROOT onnxruntime-node@1.23.2 OK for: hyperframes@0.7.68 want: 1.23.2
123 silly placeDep ROOT open@10.2.0 OK for: hyperframes@0.7.68 want: ^10.0.0
124 silly placeDep ROOT postcss@8.5.22 OK for: hyperframes@0.7.68 want: ^8.5.8
125 silly placeDep ROOT prettier@3.9.6 OK for: hyperframes@0.7.68 want: ^3.8.1
126 silly placeDep ROOT puppeteer-core@25.3.0 OK for: hyperframes@0.7.68 want: ^25.2.1
127 silly placeDep ROOT sharp@0.34.5 OK for: hyperframes@0.7.68 want: ^0.34.5
128 silly fetch manifest ws@^8.18.0
129 silly packumentCache full:https://registry.npmjs.org/ws cache-miss
130 silly fetch manifest p-retry@^4.6.2
131 silly packumentCache full:https://registry.npmjs.org/p-retry cache-miss
132 silly fetch manifest protobufjs@^7.5.4
133 silly packumentCache full:https://registry.npmjs.org/protobufjs cache-miss
134 silly fetch manifest google-auth-library@^10.3.0
135 silly packumentCache full:https://registry.npmjs.org/google-auth-library cache-miss
136 silly fetch manifest modern-tar@^0.7.6
137 silly packumentCache full:https://registry.npmjs.org/modern-tar cache-miss
138 silly fetch manifest yargs@^18.0.0
139 silly packumentCache full:https://registry.npmjs.org/yargs cache-miss
140 silly fetch manifest ms@^2.1.3
141 silly packumentCache full:https://registry.npmjs.org/ms cache-miss
142 silly fetch manifest @esbuild/aix-ppc64@0.25.12
143 silly packumentCache full:https://registry.npmjs.org/@esbuild%2faix-ppc64 cache-miss
144 silly fetch manifest @esbuild/linux-arm@0.25.12
145 silly packumentCache full:https://registry.npmjs.org/@esbuild%2flinux-arm cache-miss
146 silly fetch manifest @esbuild/linux-x64@0.25.12
147 silly packumentCache full:https://registry.npmjs.org/@esbuild%2flinux-x64 cache-miss
148 silly fetch manifest @esbuild/sunos-x64@0.25.12
149 silly packumentCache full:https://registry.npmjs.org/@esbuild%2fsunos-x64 cache-miss
150 silly fetch manifest @esbuild/win32-x64@0.25.12
151 silly packumentCache full:https://registry.npmjs.org/@esbuild%2fwin32-x64 cache-miss
152 silly fetch manifest @esbuild/darwin-x64@0.25.12
153 silly packumentCache full:https://registry.npmjs.org/@esbuild%2fdarwin-x64 cache-miss
154 silly fetch manifest @esbuild/linux-ia32@0.25.12
155 silly packumentCache full:https://registry.npmjs.org/@esbuild%2flinux-ia32 cache-miss
156 silly fetch manifest @esbuild/netbsd-x64@0.25.12
157 silly packumentCache full:https://registry.npmjs.org/@esbuild%2fnetbsd-x64 cache-miss
158 http fetch GET 200 https://registry.npmjs.org/p-retry 76ms (cache revalidated)
159 silly packumentCache full:https://registry.npmjs.org/p-retry set size:72148 disposed:false
160 silly fetch manifest @esbuild/win32-ia32@0.25.12
161 silly packumentCache full:https://registry.npmjs.org/@esbuild%2fwin32-ia32 cache-miss
162 http fetch GET 200 https://registry.npmjs.org/protobufjs 87ms (cache revalidated)
163 silly packumentCache full:https://registry.npmjs.org/protobufjs set size:768226 disposed:false
164 silly fetch manifest @esbuild/android-arm@0.25.12
165 silly packumentCache full:https://registry.npmjs.org/@esbuild%2fandroid-arm cache-miss
166 http fetch GET 200 https://registry.npmjs.org/ws 108ms (cache revalidated)
167 silly packumentCache full:https://registry.npmjs.org/ws set size:426890 disposed:false
168 silly fetch manifest @esbuild/android-x64@0.25.12
169 silly packumentCache full:https://registry.npmjs.org/@esbuild%2fandroid-x64 cache-miss
170 http fetch GET 200 https://registry.npmjs.org/ms 128ms (cache revalidated)
171 silly packumentCache full:https://registry.npmjs.org/ms set size:92208 disposed:false
172 silly fetch manifest @esbuild/freebsd-x64@0.25.12
173 silly packumentCache full:https://registry.npmjs.org/@esbuild%2ffreebsd-x64 cache-miss
174 http fetch GET 200 https://registry.npmjs.org/google-auth-library 137ms (cache revalidated)
175 silly packumentCache full:https://registry.npmjs.org/google-auth-library set size:730700 disposed:false
176 silly fetch manifest @esbuild/linux-arm64@0.25.12
177 silly packumentCache full:https://registry.npmjs.org/@esbuild%2flinux-arm64 cache-miss
178 http fetch GET 200 https://registry.npmjs.org/modern-tar 149ms (cache revalidated)
179 silly packumentCache full:https://registry.npmjs.org/modern-tar set size:80971 disposed:false
180 silly fetch manifest @esbuild/linux-ppc64@0.25.12
181 silly packumentCache full:https://registry.npmjs.org/@esbuild%2flinux-ppc64 cache-miss
182 http fetch GET 200 https://registry.npmjs.org/@esbuild%2faix-ppc64 151ms (cache revalidated)
183 silly packumentCache full:https://registry.npmjs.org/@esbuild%2faix-ppc64 set size:65972 disposed:false
184 silly fetch manifest @esbuild/linux-s390x@0.25.12
185 silly packumentCache full:https://registry.npmjs.org/@esbuild%2flinux-s390x cache-miss
186 http fetch GET 200 https://registry.npmjs.org/@esbuild%2fwin32-x64 162ms (cache revalidated)
187 silly packumentCache full:https://registry.npmjs.org/@esbuild%2fwin32-x64 set size:195722 disposed:false
188 silly fetch manifest @esbuild/openbsd-x64@0.25.12
189 silly packumentCache full:https://registry.npmjs.org/@esbuild%2fopenbsd-x64 cache-miss
190 http fetch GET 200 https://registry.npmjs.org/yargs 171ms (cache revalidated)
191 silly packumentCache full:https://registry.npmjs.org/yargs set size:751093 disposed:false
192 silly fetch manifest @esbuild/win32-arm64@0.25.12
193 silly packumentCache full:https://registry.npmjs.org/@esbuild%2fwin32-arm64 cache-miss
194 http fetch GET 200 https://registry.npmjs.org/@esbuild%2flinux-arm 183ms (cache revalidated)
195 silly packumentCache full:https://registry.npmjs.org/@esbuild%2flinux-arm set size:196784 disposed:false
196 silly fetch manifest @esbuild/darwin-arm64@0.25.12
197 silly packumentCache full:https://registry.npmjs.org/@esbuild%2fdarwin-arm64 cache-miss
198 http fetch GET 200 https://registry.npmjs.org/@esbuild%2fsunos-x64 186ms (cache revalidated)
199 silly packumentCache full:https://registry.npmjs.org/@esbuild%2fsunos-x64 set size:197370 disposed:false
200 silly fetch manifest @esbuild/netbsd-arm64@0.25.12
201 silly packumentCache full:https://registry.npmjs.org/@esbuild%2fnetbsd-arm64 cache-miss
202 http fetch GET 200 https://registry.npmjs.org/@esbuild%2flinux-x64 192ms (cache revalidated)
203 silly packumentCache full:https://registry.npmjs.org/@esbuild%2flinux-x64 set size:197126 disposed:false
204 silly fetch manifest @esbuild/android-arm64@0.25.12
205 silly packumentCache full:https://registry.npmjs.org/@esbuild%2fandroid-arm64 cache-miss
206 http fetch GET 200 https://registry.npmjs.org/@esbuild%2fdarwin-x64 194ms (cache revalidated)
207 silly packumentCache full:https://registry.npmjs.org/@esbuild%2fdarwin-x64 set size:197848 disposed:false
208 silly fetch manifest @esbuild/freebsd-arm64@0.25.12
209 silly packumentCache full:https://registry.npmjs.org/@esbuild%2ffreebsd-arm64 cache-miss
210 http fetch GET 200 https://registry.npmjs.org/@esbuild%2flinux-ia32 220ms (cache revalidated)
211 silly packumentCache full:https://registry.npmjs.org/@esbuild%2flinux-ia32 set size:197805 disposed:false
212 silly fetch manifest @esbuild/linux-loong64@0.25.12
213 silly packumentCache full:https://registry.npmjs.org/@esbuild%2flinux-loong64 cache-miss
214 http fetch GET 200 https://registry.npmjs.org/@esbuild%2fandroid-x64 153ms (cache revalidated)
215 silly packumentCache full:https://registry.npmjs.org/@esbuild%2fandroid-x64 set size:197200 disposed:false
216 silly fetch manifest @esbuild/linux-riscv64@0.25.12
217 silly packumentCache full:https://registry.npmjs.org/@esbuild%2flinux-riscv64 cache-miss
218 http fetch GET 200 https://registry.npmjs.org/@esbuild%2fwin32-ia32 196ms (cache revalidated)
219 silly packumentCache full:https://registry.npmjs.org/@esbuild%2fwin32-ia32 set size:198030 disposed:false
220 silly fetch manifest @esbuild/openbsd-arm64@0.25.12
221 silly packumentCache full:https://registry.npmjs.org/@esbuild%2fopenbsd-arm64 cache-miss
222 http fetch GET 200 https://registry.npmjs.org/@esbuild%2flinux-arm64 145ms (cache revalidated)
223 silly packumentCache full:https://registry.npmjs.org/@esbuild%2flinux-arm64 set size:198939 disposed:false
224 silly fetch manifest @esbuild/linux-mips64el@0.25.12
225 silly packumentCache full:https://registry.npmjs.org/@esbuild%2flinux-mips64el cache-miss
226 http fetch GET 200 https://registry.npmjs.org/@esbuild%2ffreebsd-x64 164ms (cache revalidated)
227 silly packumentCache full:https://registry.npmjs.org/@esbuild%2ffreebsd-x64 set size:198734 disposed:false
228 silly fetch manifest @esbuild/openharmony-arm64@0.25.12
229 silly packumentCache full:https://registry.npmjs.org/@esbuild%2fopenharmony-arm64 cache-miss
230 http fetch GET 200 https://registry.npmjs.org/@esbuild%2fnetbsd-arm64 109ms (cache revalidated)
231 silly packumentCache full:https://registry.npmjs.org/@esbuild%2fnetbsd-arm64 set size:42467 disposed:false
232 silly fetch manifest @swc/helpers@^0.5.12
233 silly packumentCache full:https://registry.npmjs.org/@swc%2fhelpers cache-miss
234 http fetch GET 200 https://registry.npmjs.org/@esbuild%2fwin32-arm64 123ms (cache revalidated)
235 silly packumentCache full:https://registry.npmjs.org/@esbuild%2fwin32-arm64 set size:199171 disposed:false
236 silly fetch manifest brotli@^1.3.2
237 silly packumentCache full:https://registry.npmjs.org/brotli cache-miss
238 http fetch GET 200 https://registry.npmjs.org/@esbuild%2fopenbsd-x64 144ms (cache revalidated)
239 silly packumentCache full:https://registry.npmjs.org/@esbuild%2fopenbsd-x64 set size:198745 disposed:false
240 silly fetch manifest clone@^2.1.2
241 silly packumentCache full:https://registry.npmjs.org/clone cache-miss
242 http fetch GET 200 https://registry.npmjs.org/@esbuild%2flinux-ppc64 184ms (cache revalidated)
243 silly packumentCache full:https://registry.npmjs.org/@esbuild%2flinux-ppc64 set size:200994 disposed:false
244 silly fetch manifest dfa@^1.2.0
245 silly packumentCache full:https://registry.npmjs.org/dfa cache-miss
246 http fetch GET 200 https://registry.npmjs.org/@esbuild%2fandroid-arm64 148ms (cache revalidated)
247 silly packumentCache full:https://registry.npmjs.org/@esbuild%2fandroid-arm64 set size:202366 disposed:false
248 silly fetch manifest fast-deep-equal@^3.1.3
249 silly packumentCache full:https://registry.npmjs.org/fast-deep-equal cache-miss
250 http fetch GET 200 https://registry.npmjs.org/@esbuild%2flinux-loong64 137ms (cache revalidated)
251 silly packumentCache full:https://registry.npmjs.org/@esbuild%2flinux-loong64 set size:253896 disposed:false
252 silly fetch manifest restructure@^3.0.0
253 silly packumentCache full:https://registry.npmjs.org/restructure cache-miss
254 http fetch GET 200 https://registry.npmjs.org/@esbuild%2ffreebsd-arm64 167ms (cache revalidated)
255 silly packumentCache full:https://registry.npmjs.org/@esbuild%2ffreebsd-arm64 set size:200534 disposed:false
256 silly fetch manifest tiny-inflate@^1.0.3
257 silly packumentCache full:https://registry.npmjs.org/tiny-inflate cache-miss
258 http fetch GET 200 https://registry.npmjs.org/@esbuild%2fandroid-arm 293ms (cache revalidated)
259 silly packumentCache full:https://registry.npmjs.org/@esbuild%2fandroid-arm set size:223400 disposed:false
260 silly fetch manifest unicode-properties@^1.4.0
261 silly packumentCache full:https://registry.npmjs.org/unicode-properties cache-miss
262 http fetch GET 200 https://registry.npmjs.org/@esbuild%2fnetbsd-x64 392ms (cache revalidated)
263 silly packumentCache full:https://registry.npmjs.org/@esbuild%2fnetbsd-x64 set size:195514 disposed:false
264 silly fetch manifest unicode-trie@^2.0.0
265 silly packumentCache full:https://registry.npmjs.org/unicode-trie cache-miss
266 http fetch GET 200 https://registry.npmjs.org/@esbuild%2flinux-riscv64 138ms (cache revalidated)
267 silly packumentCache full:https://registry.npmjs.org/@esbuild%2flinux-riscv64 set size:200662 disposed:false
268 silly fetch manifest global-agent@^3.0.0
269 silly packumentCache full:https://registry.npmjs.org/global-agent cache-miss
270 http fetch GET 200 https://registry.npmjs.org/clone 107ms (cache revalidated)
271 silly packumentCache full:https://registry.npmjs.org/clone set size:82973 disposed:false
272 silly fetch manifest onnxruntime-common@1.23.2
273 silly packumentCache full:https://registry.npmjs.org/onnxruntime-common cache-miss
274 http fetch GET 200 https://registry.npmjs.org/@esbuild%2flinux-mips64el 140ms (cache revalidated)
275 silly packumentCache full:https://registry.npmjs.org/@esbuild%2flinux-mips64el set size:202764 disposed:false
276 silly fetch manifest wsl-utils@^0.1.0
277 silly packumentCache full:https://registry.npmjs.org/wsl-utils cache-miss
278 http fetch GET 200 https://registry.npmjs.org/@swc%2fhelpers 144ms (cache revalidated)
279 silly packumentCache full:https://registry.npmjs.org/@swc%2fhelpers set size:775458 disposed:false
280 silly fetch manifest default-browser@^5.2.1
281 silly packumentCache full:https://registry.npmjs.org/default-browser cache-miss
282 http fetch GET 200 https://registry.npmjs.org/dfa 127ms (cache revalidated)
283 silly packumentCache full:https://registry.npmjs.org/dfa set size:11327 disposed:false
284 silly fetch manifest define-lazy-prop@^3.0.0
285 silly packumentCache full:https://registry.npmjs.org/define-lazy-prop cache-miss
286 http fetch GET 200 https://registry.npmjs.org/fast-deep-equal 125ms (cache revalidated)
287 silly packumentCache full:https://registry.npmjs.org/fast-deep-equal set size:48634 disposed:false
288 silly fetch manifest is-inside-container@^1.0.0
289 silly packumentCache full:https://registry.npmjs.org/is-inside-container cache-miss
290 http fetch GET 200 https://registry.npmjs.org/restructure 110ms (cache revalidated)
291 silly packumentCache full:https://registry.npmjs.org/restructure set size:57065 disposed:false
292 silly fetch manifest nanoid@^3.3.16
293 silly packumentCache full:https://registry.npmjs.org/nanoid cache-miss
294 http fetch GET 200 https://registry.npmjs.org/unicode-properties 90ms (cache revalidated)
295 silly packumentCache full:https://registry.npmjs.org/unicode-properties set size:26767 disposed:false
296 silly fetch manifest picocolors@^1.1.1
297 silly packumentCache full:https://registry.npmjs.org/picocolors cache-miss
298 http fetch GET 200 https://registry.npmjs.org/global-agent 80ms (cache revalidated)
299 silly packumentCache full:https://registry.npmjs.org/global-agent set size:204721 disposed:false
300 silly fetch manifest source-map-js@^1.2.1
301 silly packumentCache full:https://registry.npmjs.org/source-map-js cache-miss
302 http fetch GET 200 https://registry.npmjs.org/default-browser 75ms (cache revalidated)
303 silly packumentCache full:https://registry.npmjs.org/default-browser set size:31475 disposed:false
304 silly fetch manifest chromium-bidi@16.0.1
305 silly packumentCache full:https://registry.npmjs.org/chromium-bidi cache-miss
306 http fetch GET 200 https://registry.npmjs.org/wsl-utils 98ms (cache revalidated)
307 silly packumentCache full:https://registry.npmjs.org/wsl-utils set size:15127 disposed:false
308 silly fetch manifest devtools-protocol@0.0.1638949
309 silly packumentCache full:https://registry.npmjs.org/devtools-protocol cache-miss
310 http fetch GET 200 https://registry.npmjs.org/define-lazy-prop 81ms (cache revalidated)
311 silly packumentCache full:https://registry.npmjs.org/define-lazy-prop set size:9337 disposed:false
312 silly fetch manifest typed-query-selector@^2.12.2
313 silly packumentCache full:https://registry.npmjs.org/typed-query-selector cache-miss
314 http fetch GET 200 https://registry.npmjs.org/is-inside-container 76ms (cache revalidated)
315 silly packumentCache full:https://registry.npmjs.org/is-inside-container set size:4403 disposed:false
316 silly fetch manifest webdriver-bidi-protocol@0.4.2
317 silly packumentCache full:https://registry.npmjs.org/webdriver-bidi-protocol cache-miss
318 http fetch GET 200 https://registry.npmjs.org/picocolors 73ms (cache revalidated)
319 silly packumentCache full:https://registry.npmjs.org/picocolors set size:16648 disposed:false
320 silly fetch manifest ws@^8.21.0
321 silly packumentCache full:https://registry.npmjs.org/ws cache-hit
322 silly fetch manifest semver@^7.7.3
323 silly packumentCache full:https://registry.npmjs.org/semver cache-miss
324 http fetch GET 200 https://registry.npmjs.org/nanoid 82ms (cache revalidated)
325 silly packumentCache full:https://registry.npmjs.org/nanoid set size:335912 disposed:false
326 silly fetch manifest @img/colour@^1.0.0
327 silly packumentCache full:https://registry.npmjs.org/@img%2fcolour cache-miss
328 http fetch GET 200 https://registry.npmjs.org/@esbuild%2flinux-s390x 418ms (cache revalidated)
329 silly packumentCache full:https://registry.npmjs.org/@esbuild%2flinux-s390x set size:200463 disposed:false
330 silly fetch manifest detect-libc@^2.1.2
331 silly packumentCache full:https://registry.npmjs.org/detect-libc cache-miss
332 http fetch GET 200 https://registry.npmjs.org/source-map-js 82ms (cache revalidated)
333 silly packumentCache full:https://registry.npmjs.org/source-map-js set size:62640 disposed:false
334 silly fetch manifest @img/sharp-wasm32@0.34.5
335 silly packumentCache full:https://registry.npmjs.org/@img%2fsharp-wasm32 cache-miss
336 http fetch GET 200 https://registry.npmjs.org/@esbuild%2fdarwin-arm64 399ms (cache revalidated)
337 silly packumentCache full:https://registry.npmjs.org/@esbuild%2fdarwin-arm64 set size:199630 disposed:false
338 silly fetch manifest @img/sharp-linux-arm@0.34.5
339 silly packumentCache full:https://registry.npmjs.org/@img%2fsharp-linux-arm cache-miss
340 http fetch GET 200 https://registry.npmjs.org/devtools-protocol 91ms (cache revalidated)
341 silly packumentCache full:https://registry.npmjs.org/devtools-protocol set size:3035997 disposed:false
342 silly fetch manifest @img/sharp-linux-x64@0.34.5
343 silly packumentCache full:https://registry.npmjs.org/@img%2fsharp-linux-x64 cache-miss
344 http fetch GET 200 https://registry.npmjs.org/@esbuild%2fopenbsd-arm64 406ms (cache revalidated)
345 silly packumentCache full:https://registry.npmjs.org/@esbuild%2fopenbsd-arm64 set size:47792 disposed:false
346 silly fetch manifest @img/sharp-win32-x64@0.34.5
347 silly packumentCache full:https://registry.npmjs.org/@img%2fsharp-win32-x64 cache-miss
348 http fetch GET 200 https://registry.npmjs.org/typed-query-selector 136ms (cache revalidated)
349 silly packumentCache full:https://registry.npmjs.org/typed-query-selector set size:100364 disposed:false
350 silly fetch manifest @img/sharp-darwin-x64@0.34.5
351 silly packumentCache full:https://registry.npmjs.org/@img%2fsharp-darwin-x64 cache-miss
352 http fetch GET 200 https://registry.npmjs.org/detect-libc 120ms (cache revalidated)
353 silly packumentCache full:https://registry.npmjs.org/detect-libc set size:47861 disposed:false
354 silly fetch manifest @img/sharp-win32-ia32@0.34.5
355 silly packumentCache full:https://registry.npmjs.org/@img%2fsharp-win32-ia32 cache-miss
356 http fetch GET 200 https://registry.npmjs.org/chromium-bidi 166ms (cache revalidated)
357 silly packumentCache full:https://registry.npmjs.org/chromium-bidi set size:727195 disposed:false
358 silly fetch manifest @img/sharp-linux-arm64@0.34.5
359 silly packumentCache full:https://registry.npmjs.org/@img%2fsharp-linux-arm64 cache-miss
360 http fetch GET 200 https://registry.npmjs.org/@img%2fcolour 151ms (cache revalidated)
361 silly packumentCache full:https://registry.npmjs.org/@img%2fcolour set size:9701 disposed:false
362 silly fetch manifest @img/sharp-linux-ppc64@0.34.5
363 silly packumentCache full:https://registry.npmjs.org/@img%2fsharp-linux-ppc64 cache-miss
364 http fetch GET 200 https://registry.npmjs.org/semver 162ms (cache revalidated)
365 silly packumentCache full:https://registry.npmjs.org/semver set size:246069 disposed:false
366 silly fetch manifest @img/sharp-linux-s390x@0.34.5
367 silly packumentCache full:https://registry.npmjs.org/@img%2fsharp-linux-s390x cache-miss
368 http fetch GET 200 https://registry.npmjs.org/@img%2fsharp-wasm32 152ms (cache revalidated)
369 silly packumentCache full:https://registry.npmjs.org/@img%2fsharp-wasm32 set size:99309 disposed:false
370 silly fetch manifest @img/sharp-win32-arm64@0.34.5
371 silly packumentCache full:https://registry.npmjs.org/@img%2fsharp-win32-arm64 cache-miss
372 http fetch GET 200 https://registry.npmjs.org/@img%2fsharp-linux-arm 152ms (cache revalidated)
373 silly packumentCache full:https://registry.npmjs.org/@img%2fsharp-linux-arm set size:102715 disposed:false
374 silly fetch manifest @img/sharp-darwin-arm64@0.34.5
375 silly packumentCache full:https://registry.npmjs.org/@img%2fsharp-darwin-arm64 cache-miss
376 http fetch GET 200 https://registry.npmjs.org/brotli 439ms (cache revalidated)
377 silly packumentCache full:https://registry.npmjs.org/brotli set size:17048 disposed:false
378 silly fetch manifest @img/sharp-linux-riscv64@0.34.5
379 silly packumentCache full:https://registry.npmjs.org/@img%2fsharp-linux-riscv64 cache-miss
380 http fetch GET 200 https://registry.npmjs.org/tiny-inflate 385ms (cache revalidated)
381 silly packumentCache full:https://registry.npmjs.org/tiny-inflate set size:8031 disposed:false
382 silly fetch manifest @img/sharp-linuxmusl-x64@0.34.5
383 silly packumentCache full:https://registry.npmjs.org/@img%2fsharp-linuxmusl-x64 cache-miss
384 http fetch GET 200 https://registry.npmjs.org/@esbuild%2fopenharmony-arm64 461ms (cache revalidated)
385 silly packumentCache full:https://registry.npmjs.org/@esbuild%2fopenharmony-arm64 set size:31189 disposed:false
386 silly fetch manifest @img/sharp-linuxmusl-arm64@0.34.5
387 silly packumentCache full:https://registry.npmjs.org/@img%2fsharp-linuxmusl-arm64 cache-miss
388 http fetch GET 200 https://registry.npmjs.org/unicode-trie 367ms (cache revalidated)
389 silly packumentCache full:https://registry.npmjs.org/unicode-trie set size:16662 disposed:false
390 silly fetch manifest @img/sharp-libvips-linux-arm@1.2.4
391 silly packumentCache full:https://registry.npmjs.org/@img%2fsharp-libvips-linux-arm cache-miss
392 http fetch GET 200 https://registry.npmjs.org/onnxruntime-common 369ms (cache revalidated)
393 silly packumentCache full:https://registry.npmjs.org/onnxruntime-common set size:316319 disposed:false
394 silly fetch manifest @img/sharp-libvips-linux-x64@1.2.4
395 silly packumentCache full:https://registry.npmjs.org/@img%2fsharp-libvips-linux-x64 cache-miss
396 http fetch GET 200 https://registry.npmjs.org/@img%2fsharp-linux-x64 159ms (cache revalidated)
397 silly packumentCache full:https://registry.npmjs.org/@img%2fsharp-linux-x64 set size:102218 disposed:false
398 silly fetch manifest @img/sharp-libvips-darwin-x64@1.2.4
399 silly packumentCache full:https://registry.npmjs.org/@img%2fsharp-libvips-darwin-x64 cache-miss
400 http fetch GET 200 https://registry.npmjs.org/@img%2fsharp-linux-arm64 100ms (cache revalidated)
401 silly packumentCache full:https://registry.npmjs.org/@img%2fsharp-linux-arm64 set size:103552 disposed:false
402 silly fetch manifest @img/sharp-libvips-linux-arm64@1.2.4
403 silly packumentCache full:https://registry.npmjs.org/@img%2fsharp-libvips-linux-arm64 cache-miss
404 http fetch GET 200 https://registry.npmjs.org/@img%2fsharp-darwin-arm64 102ms (cache revalidated)
405 silly packumentCache full:https://registry.npmjs.org/@img%2fsharp-darwin-arm64 set size:105848 disposed:false
406 silly fetch manifest @img/sharp-libvips-linux-ppc64@1.2.4
407 silly packumentCache full:https://registry.npmjs.org/@img%2fsharp-libvips-linux-ppc64 cache-miss
408 http fetch GET 200 https://registry.npmjs.org/@img%2fsharp-win32-x64 167ms (cache revalidated)
409 silly packumentCache full:https://registry.npmjs.org/@img%2fsharp-win32-x64 set size:103513 disposed:false
410 silly fetch manifest @img/sharp-libvips-linux-s390x@1.2.4
411 silly packumentCache full:https://registry.npmjs.org/@img%2fsharp-libvips-linux-s390x cache-miss
412 http fetch GET 200 https://registry.npmjs.org/@img%2fsharp-darwin-x64 167ms (cache revalidated)
413 silly packumentCache full:https://registry.npmjs.org/@img%2fsharp-darwin-x64 set size:104467 disposed:false
414 silly fetch manifest @img/sharp-libvips-darwin-arm64@1.2.4
415 silly packumentCache full:https://registry.npmjs.org/@img%2fsharp-libvips-darwin-arm64 cache-miss
416 http fetch GET 200 https://registry.npmjs.org/@img%2fsharp-linux-s390x 135ms (cache revalidated)
417 silly packumentCache full:https://registry.npmjs.org/@img%2fsharp-linux-s390x set size:101430 disposed:false
418 silly fetch manifest @img/sharp-libvips-linux-riscv64@1.2.4
419 silly packumentCache full:https://registry.npmjs.org/@img%2fsharp-libvips-linux-riscv64 cache-miss
420 http fetch GET 200 https://registry.npmjs.org/@img%2fsharp-linux-ppc64 149ms (cache revalidated)
421 silly packumentCache full:https://registry.npmjs.org/@img%2fsharp-linux-ppc64 set size:68168 disposed:false
422 silly fetch manifest @img/sharp-libvips-linuxmusl-x64@1.2.4
423 silly packumentCache full:https://registry.npmjs.org/@img%2fsharp-libvips-linuxmusl-x64 cache-miss
424 http fetch GET 200 https://registry.npmjs.org/@img%2fsharp-win32-ia32 178ms (cache revalidated)
425 silly packumentCache full:https://registry.npmjs.org/@img%2fsharp-win32-ia32 set size:104482 disposed:false
426 silly fetch manifest @img/sharp-libvips-linuxmusl-arm64@1.2.4
427 silly packumentCache full:https://registry.npmjs.org/@img%2fsharp-libvips-linuxmusl-arm64 cache-miss
428 http fetch GET 200 https://registry.npmjs.org/@img%2fsharp-linux-riscv64 130ms (cache revalidated)
429 silly packumentCache full:https://registry.npmjs.org/@img%2fsharp-linux-riscv64 set size:45681 disposed:false
430 http fetch GET 200 https://registry.npmjs.org/@img%2fsharp-win32-arm64 149ms (cache revalidated)
431 silly packumentCache full:https://registry.npmjs.org/@img%2fsharp-win32-arm64 set size:63462 disposed:false
432 http fetch GET 200 https://registry.npmjs.org/@img%2fsharp-linuxmusl-arm64 132ms (cache revalidated)
433 silly packumentCache full:https://registry.npmjs.org/@img%2fsharp-linuxmusl-arm64 set size:105157 disposed:false
434 http fetch GET 200 https://registry.npmjs.org/@img%2fsharp-libvips-linux-arm 133ms (cache revalidated)
435 silly packumentCache full:https://registry.npmjs.org/@img%2fsharp-libvips-linux-arm set size:90480 disposed:false
436 http fetch GET 200 https://registry.npmjs.org/@img%2fsharp-libvips-linux-x64 108ms (cache revalidated)
437 silly packumentCache full:https://registry.npmjs.org/@img%2fsharp-libvips-linux-x64 set size:86327 disposed:false
438 http fetch GET 200 https://registry.npmjs.org/@img%2fsharp-libvips-darwin-x64 116ms (cache revalidated)
439 silly packumentCache full:https://registry.npmjs.org/@img%2fsharp-libvips-darwin-x64 set size:83096 disposed:false
440 http fetch GET 200 https://registry.npmjs.org/webdriver-bidi-protocol 384ms (cache revalidated)
441 silly packumentCache full:https://registry.npmjs.org/webdriver-bidi-protocol set size:87391 disposed:false
442 http fetch GET 200 https://registry.npmjs.org/@img%2fsharp-libvips-linux-ppc64 121ms (cache revalidated)
443 silly packumentCache full:https://registry.npmjs.org/@img%2fsharp-libvips-linux-ppc64 set size:72601 disposed:false
444 http fetch GET 200 https://registry.npmjs.org/@img%2fsharp-libvips-darwin-arm64 110ms (cache revalidated)
445 silly packumentCache full:https://registry.npmjs.org/@img%2fsharp-libvips-darwin-arm64 set size:83997 disposed:false
446 http fetch GET 200 https://registry.npmjs.org/@img%2fsharp-libvips-linux-s390x 125ms (cache revalidated)
447 silly packumentCache full:https://registry.npmjs.org/@img%2fsharp-libvips-linux-s390x set size:81565 disposed:false
448 http fetch GET 200 https://registry.npmjs.org/@img%2fsharp-libvips-linux-riscv64 116ms (cache revalidated)
449 silly packumentCache full:https://registry.npmjs.org/@img%2fsharp-libvips-linux-riscv64 set size:58803 disposed:false
450 http fetch GET 200 https://registry.npmjs.org/@img%2fsharp-libvips-linuxmusl-x64 114ms (cache revalidated)
451 silly packumentCache full:https://registry.npmjs.org/@img%2fsharp-libvips-linuxmusl-x64 set size:83650 disposed:false
452 http fetch GET 200 https://registry.npmjs.org/@img%2fsharp-libvips-linuxmusl-arm64 113ms (cache revalidated)
453 silly packumentCache full:https://registry.npmjs.org/@img%2fsharp-libvips-linuxmusl-arm64 set size:86720 disposed:false
454 http fetch GET 200 https://registry.npmjs.org/@img%2fsharp-linuxmusl-x64 352ms (cache revalidated)
455 silly packumentCache full:https://registry.npmjs.org/@img%2fsharp-linuxmusl-x64 set size:103818 disposed:false
456 http fetch GET 200 https://registry.npmjs.org/@img%2fsharp-libvips-linux-arm64 644ms (cache revalidated)
457 silly packumentCache full:https://registry.npmjs.org/@img%2fsharp-libvips-linux-arm64 set size:87554 disposed:false
458 silly fetch manifest bufferutil@^4.0.1
459 silly packumentCache full:https://registry.npmjs.org/bufferutil cache-miss
460 http fetch GET 200 https://registry.npmjs.org/bufferutil 47ms (cache revalidated)
461 silly packumentCache full:https://registry.npmjs.org/bufferutil set size:52763 disposed:false
462 silly fetch manifest utf-8-validate@>=5.0.2
463 silly packumentCache full:https://registry.npmjs.org/utf-8-validate cache-miss
464 http fetch GET 200 https://registry.npmjs.org/utf-8-validate 47ms (cache revalidated)
465 silly packumentCache full:https://registry.npmjs.org/utf-8-validate set size:77148 disposed:false
466 silly placeDep ROOT google-auth-library@10.9.0 OK for: @google/genai@1.52.0 want: ^10.3.0
467 silly placeDep ROOT p-retry@4.6.2 OK for: @google/genai@1.52.0 want: ^4.6.2
468 silly placeDep ROOT protobufjs@7.6.5 OK for: @google/genai@1.52.0 want: ^7.5.4
469 silly placeDep ROOT ws@8.21.1 OK for: @google/genai@1.52.0 want: ^8.18.0
470 silly fetch manifest base64-js@^1.3.0
471 silly packumentCache full:https://registry.npmjs.org/base64-js cache-miss
472 silly fetch manifest ecdsa-sig-formatter@^1.0.11
473 silly packumentCache full:https://registry.npmjs.org/ecdsa-sig-formatter cache-miss
474 silly fetch manifest gaxios@^7.1.4
475 silly packumentCache full:https://registry.npmjs.org/gaxios cache-miss
476 silly fetch manifest gcp-metadata@8.1.2
477 silly packumentCache full:https://registry.npmjs.org/gcp-metadata cache-miss
478 silly fetch manifest google-logging-utils@1.1.3
479 silly packumentCache full:https://registry.npmjs.org/google-logging-utils cache-miss
480 silly fetch manifest jws@^4.0.0
481 silly packumentCache full:https://registry.npmjs.org/jws cache-miss
482 silly fetch manifest retry@^0.13.1
483 silly packumentCache full:https://registry.npmjs.org/retry cache-miss
484 silly fetch manifest @types/retry@0.12.0
485 silly packumentCache full:https://registry.npmjs.org/@types%2fretry cache-miss
486 silly fetch manifest long@^5.3.2
487 silly packumentCache full:https://registry.npmjs.org/long cache-miss
488 silly fetch manifest @types/node@>=13.7.0
489 silly packumentCache full:https://registry.npmjs.org/@types%2fnode cache-miss
490 silly fetch manifest @protobufjs/path@^1.1.2
491 silly packumentCache full:https://registry.npmjs.org/@protobufjs%2fpath cache-miss
492 silly fetch manifest @protobufjs/pool@^1.1.0
493 silly packumentCache full:https://registry.npmjs.org/@protobufjs%2fpool cache-miss
494 silly fetch manifest @protobufjs/utf8@^1.1.1
495 silly packumentCache full:https://registry.npmjs.org/@protobufjs%2futf8 cache-miss
496 silly fetch manifest @protobufjs/fetch@^1.1.1
497 silly packumentCache full:https://registry.npmjs.org/@protobufjs%2ffetch cache-miss
498 silly fetch manifest @protobufjs/float@^1.0.2
499 silly packumentCache full:https://registry.npmjs.org/@protobufjs%2ffloat cache-miss
500 http fetch GET 200 https://registry.npmjs.org/gcp-metadata 71ms (cache revalidated)
501 silly packumentCache full:https://registry.npmjs.org/gcp-metadata set size:194327 disposed:false
502 silly fetch manifest @protobufjs/base64@^1.1.2
503 silly packumentCache full:https://registry.npmjs.org/@protobufjs%2fbase64 cache-miss
504 http fetch GET 200 https://registry.npmjs.org/base64-js 92ms (cache revalidated)
505 silly packumentCache full:https://registry.npmjs.org/base64-js set size:41270 disposed:false
506 silly fetch manifest @protobufjs/codegen@^2.0.5
507 silly packumentCache full:https://registry.npmjs.org/@protobufjs%2fcodegen cache-miss
508 http fetch GET 200 https://registry.npmjs.org/ecdsa-sig-formatter 97ms (cache revalidated)
509 silly packumentCache full:https://registry.npmjs.org/ecdsa-sig-formatter set size:23546 disposed:false
510 silly fetch manifest @protobufjs/aspromise@^1.1.2
511 silly packumentCache full:https://registry.npmjs.org/@protobufjs%2faspromise cache-miss
512 http fetch GET 200 https://registry.npmjs.org/jws 98ms (cache revalidated)
513 silly packumentCache full:https://registry.npmjs.org/jws set size:48740 disposed:false
514 silly fetch manifest @protobufjs/eventemitter@^1.1.1
515 silly packumentCache full:https://registry.npmjs.org/@protobufjs%2feventemitter cache-miss
516 http fetch GET 200 https://registry.npmjs.org/gaxios 105ms (cache revalidated)
517 silly packumentCache full:https://registry.npmjs.org/gaxios set size:355836 disposed:false
518 http fetch GET 200 https://registry.npmjs.org/google-logging-utils 117ms (cache revalidated)
519 silly packumentCache full:https://registry.npmjs.org/google-logging-utils set size:23839 disposed:false
520 http fetch GET 200 https://registry.npmjs.org/long 118ms (cache revalidated)
521 silly packumentCache full:https://registry.npmjs.org/long set size:80704 disposed:false
522 http fetch GET 200 https://registry.npmjs.org/@protobufjs%2ffloat 123ms (cache revalidated)
523 silly packumentCache full:https://registry.npmjs.org/@protobufjs%2ffloat set size:9957 disposed:false
524 http fetch GET 200 https://registry.npmjs.org/@protobufjs%2ffetch 126ms (cache revalidated)
525 silly packumentCache full:https://registry.npmjs.org/@protobufjs%2ffetch set size:12023 disposed:false
526 http fetch GET 200 https://registry.npmjs.org/@protobufjs%2fpool 130ms (cache revalidated)
527 silly packumentCache full:https://registry.npmjs.org/@protobufjs%2fpool set size:10727 disposed:false
528 http fetch GET 200 https://registry.npmjs.org/@protobufjs%2fpath 133ms (cache revalidated)
529 silly packumentCache full:https://registry.npmjs.org/@protobufjs%2fpath set size:10241 disposed:false
530 http fetch GET 200 https://registry.npmjs.org/@types%2fnode 175ms (cache revalidated)
531 silly packumentCache full:https://registry.npmjs.org/@types%2fnode set size:11080817 disposed:false
532 http fetch GET 200 https://registry.npmjs.org/@protobufjs%2futf8 303ms (cache revalidated)
533 silly packumentCache full:https://registry.npmjs.org/@protobufjs%2futf8 set size:17318 disposed:false
534 http fetch GET 200 https://registry.npmjs.org/@protobufjs%2fbase64 253ms (cache revalidated)
535 silly packumentCache full:https://registry.npmjs.org/@protobufjs%2fbase64 set size:14176 disposed:false
536 http fetch GET 200 https://registry.npmjs.org/retry 337ms (cache revalidated)
537 silly packumentCache full:https://registry.npmjs.org/retry set size:31161 disposed:false
538 http fetch GET 200 https://registry.npmjs.org/@protobufjs%2fcodegen 283ms (cache revalidated)
539 silly packumentCache full:https://registry.npmjs.org/@protobufjs%2fcodegen set size:23820 disposed:false
540 http fetch GET 200 https://registry.npmjs.org/@protobufjs%2feventemitter 283ms (cache revalidated)
541 silly packumentCache full:https://registry.npmjs.org/@protobufjs%2feventemitter set size:13173 disposed:false
542 http fetch GET 200 https://registry.npmjs.org/@protobufjs%2faspromise 291ms (cache revalidated)
543 silly packumentCache full:https://registry.npmjs.org/@protobufjs%2faspromise set size:11438 disposed:false
544 http fetch GET 200 https://registry.npmjs.org/@types%2fretry 390ms (cache revalidated)
545 silly packumentCache full:https://registry.npmjs.org/@types%2fretry set size:17008 disposed:false
546 silly placeDep ROOT modern-tar@0.7.7 OK for: @puppeteer/browsers@3.0.6 want: ^0.7.6
547 silly placeDep ROOT yargs@18.0.0 OK for: @puppeteer/browsers@3.0.6 want: ^18.0.0
548 silly fetch manifest y18n@^5.0.5
549 silly packumentCache full:https://registry.npmjs.org/y18n cache-miss
550 silly fetch manifest cliui@^9.0.1
551 silly packumentCache full:https://registry.npmjs.org/cliui cache-miss
552 silly fetch manifest escalade@^3.1.1
553 silly packumentCache full:https://registry.npmjs.org/escalade cache-miss
554 silly fetch manifest string-width@^7.2.0
555 silly packumentCache full:https://registry.npmjs.org/string-width cache-miss
556 silly fetch manifest yargs-parser@^22.0.0
557 silly packumentCache full:https://registry.npmjs.org/yargs-parser cache-miss
558 silly fetch manifest get-caller-file@^2.0.5
559 silly packumentCache full:https://registry.npmjs.org/get-caller-file cache-miss
560 http fetch GET 200 https://registry.npmjs.org/cliui 52ms (cache revalidated)
561 silly packumentCache full:https://registry.npmjs.org/cliui set size:69089 disposed:false
562 http fetch GET 200 https://registry.npmjs.org/y18n 65ms (cache revalidated)
563 silly packumentCache full:https://registry.npmjs.org/y18n set size:76155 disposed:false
564 http fetch GET 200 https://registry.npmjs.org/get-caller-file 63ms (cache revalidated)
565 silly packumentCache full:https://registry.npmjs.org/get-caller-file set size:26456 disposed:false
566 http fetch GET 200 https://registry.npmjs.org/escalade 69ms (cache revalidated)
567 silly packumentCache full:https://registry.npmjs.org/escalade set size:33724 disposed:false
568 http fetch GET 200 https://registry.npmjs.org/yargs-parser 70ms (cache revalidated)
569 silly packumentCache full:https://registry.npmjs.org/yargs-parser set size:238630 disposed:false
570 http fetch GET 200 https://registry.npmjs.org/string-width 78ms (cache revalidated)
571 silly packumentCache full:https://registry.npmjs.org/string-width set size:72458 disposed:false
572 silly placeDep ROOT ms@2.1.3 OK for: debug@4.4.3 want: ^2.1.3
573 silly placeDep ROOT @esbuild/aix-ppc64@0.25.12 OK for: esbuild@0.25.12 want: 0.25.12
574 silly placeDep ROOT @esbuild/android-arm@0.25.12 OK for: esbuild@0.25.12 want: 0.25.12
575 silly placeDep ROOT @esbuild/android-arm64@0.25.12 OK for: esbuild@0.25.12 want: 0.25.12
576 silly placeDep ROOT @esbuild/android-x64@0.25.12 OK for: esbuild@0.25.12 want: 0.25.12
577 silly placeDep ROOT @esbuild/darwin-arm64@0.25.12 OK for: esbuild@0.25.12 want: 0.25.12
578 silly placeDep ROOT @esbuild/darwin-x64@0.25.12 OK for: esbuild@0.25.12 want: 0.25.12
579 silly placeDep ROOT @esbuild/freebsd-arm64@0.25.12 OK for: esbuild@0.25.12 want: 0.25.12
580 silly placeDep ROOT @esbuild/freebsd-x64@0.25.12 OK for: esbuild@0.25.12 want: 0.25.12
581 silly placeDep ROOT @esbuild/linux-arm@0.25.12 OK for: esbuild@0.25.12 want: 0.25.12
582 silly placeDep ROOT @esbuild/linux-arm64@0.25.12 OK for: esbuild@0.25.12 want: 0.25.12
583 silly placeDep ROOT @esbuild/linux-ia32@0.25.12 OK for: esbuild@0.25.12 want: 0.25.12
584 silly placeDep ROOT @esbuild/linux-loong64@0.25.12 OK for: esbuild@0.25.12 want: 0.25.12
585 silly placeDep ROOT @esbuild/linux-mips64el@0.25.12 OK for: esbuild@0.25.12 want: 0.25.12
586 silly placeDep ROOT @esbuild/linux-ppc64@0.25.12 OK for: esbuild@0.25.12 want: 0.25.12
587 silly placeDep ROOT @esbuild/linux-riscv64@0.25.12 OK for: esbuild@0.25.12 want: 0.25.12
588 silly placeDep ROOT @esbuild/linux-s390x@0.25.12 OK for: esbuild@0.25.12 want: 0.25.12
589 silly placeDep ROOT @esbuild/linux-x64@0.25.12 OK for: esbuild@0.25.12 want: 0.25.12
590 silly placeDep ROOT @esbuild/netbsd-arm64@0.25.12 OK for: esbuild@0.25.12 want: 0.25.12
591 silly placeDep ROOT @esbuild/netbsd-x64@0.25.12 OK for: esbuild@0.25.12 want: 0.25.12
592 silly placeDep ROOT @esbuild/openbsd-arm64@0.25.12 OK for: esbuild@0.25.12 want: 0.25.12
593 silly placeDep ROOT @esbuild/openbsd-x64@0.25.12 OK for: esbuild@0.25.12 want: 0.25.12
594 silly placeDep ROOT @esbuild/openharmony-arm64@0.25.12 OK for: esbuild@0.25.12 want: 0.25.12
595 silly placeDep ROOT @esbuild/sunos-x64@0.25.12 OK for: esbuild@0.25.12 want: 0.25.12
596 silly placeDep ROOT @esbuild/win32-arm64@0.25.12 OK for: esbuild@0.25.12 want: 0.25.12
597 silly placeDep ROOT @esbuild/win32-ia32@0.25.12 OK for: esbuild@0.25.12 want: 0.25.12
598 silly placeDep ROOT @esbuild/win32-x64@0.25.12 OK for: esbuild@0.25.12 want: 0.25.12
599 silly placeDep ROOT @swc/helpers@0.5.23 OK for: fontkit@2.0.4 want: ^0.5.12
600 silly placeDep ROOT brotli@1.3.3 OK for: fontkit@2.0.4 want: ^1.3.2
601 silly placeDep ROOT clone@2.1.2 OK for: fontkit@2.0.4 want: ^2.1.2
602 silly placeDep ROOT dfa@1.2.0 OK for: fontkit@2.0.4 want: ^1.2.0
603 silly placeDep ROOT fast-deep-equal@3.1.3 OK for: fontkit@2.0.4 want: ^3.1.3
604 silly placeDep ROOT restructure@3.0.2 OK for: fontkit@2.0.4 want: ^3.0.0
605 silly placeDep ROOT tiny-inflate@1.0.3 OK for: fontkit@2.0.4 want: ^1.0.3
606 silly placeDep ROOT unicode-properties@1.4.1 OK for: fontkit@2.0.4 want: ^1.4.0
607 silly placeDep ROOT unicode-trie@2.0.0 OK for: fontkit@2.0.4 want: ^2.0.0
608 silly fetch manifest tslib@^2.8.0
609 silly packumentCache full:https://registry.npmjs.org/tslib cache-miss
610 silly fetch manifest base64-js@^1.1.2
611 silly packumentCache full:https://registry.npmjs.org/base64-js cache-hit
612 silly fetch manifest pako@^0.2.5
613 silly packumentCache full:https://registry.npmjs.org/pako cache-miss
614 http fetch GET 200 https://registry.npmjs.org/pako 44ms (cache revalidated)
615 silly packumentCache full:https://registry.npmjs.org/pako set size:82149 disposed:false
616 http fetch GET 200 https://registry.npmjs.org/tslib 58ms (cache revalidated)
617 silly packumentCache full:https://registry.npmjs.org/tslib set size:108843 disposed:false
618 silly placeDep ROOT tslib@2.8.1 OK for: @swc/helpers@0.5.23 want: ^2.8.0
619 silly placeDep ROOT base64-js@1.5.1 OK for: brotli@1.3.3 want: ^1.1.2
620 silly placeDep ROOT ecdsa-sig-formatter@1.0.11 OK for: google-auth-library@10.9.0 want: ^1.0.11
621 silly placeDep ROOT gaxios@7.2.0 OK for: google-auth-library@10.9.0 want: ^7.1.4
622 silly placeDep ROOT gcp-metadata@8.1.2 OK for: google-auth-library@10.9.0 want: 8.1.2
623 silly placeDep ROOT google-logging-utils@1.1.3 OK for: google-auth-library@10.9.0 want: 1.1.3
624 silly placeDep ROOT jws@4.0.1 OK for: google-auth-library@10.9.0 want: ^4.0.0
625 silly fetch manifest safe-buffer@^5.0.1
626 silly packumentCache full:https://registry.npmjs.org/safe-buffer cache-miss
627 silly fetch manifest extend@^3.0.2
628 silly packumentCache full:https://registry.npmjs.org/extend cache-miss
629 silly fetch manifest https-proxy-agent@^7.0.1
630 silly packumentCache full:https://registry.npmjs.org/https-proxy-agent cache-miss
631 silly fetch manifest node-fetch@^3.3.2
632 silly packumentCache full:https://registry.npmjs.org/node-fetch cache-miss
633 silly fetch manifest json-bigint@^1.0.0
634 silly packumentCache full:https://registry.npmjs.org/json-bigint cache-miss
635 silly fetch manifest google-logging-utils@^1.0.0
636 silly packumentCache full:https://registry.npmjs.org/google-logging-utils cache-hit
637 silly fetch manifest jwa@^2.0.1
638 silly packumentCache full:https://registry.npmjs.org/jwa cache-miss
639 silly fetch manifest safe-buffer@^5.0.1
640 silly packumentCache full:https://registry.npmjs.org/safe-buffer cache-miss
641 http fetch GET 200 https://registry.npmjs.org/safe-buffer 57ms (cache revalidated)
642 silly packumentCache full:https://registry.npmjs.org/safe-buffer set size:41183 disposed:false
643 http fetch GET 200 https://registry.npmjs.org/safe-buffer 61ms (cache revalidated)
644 silly packumentCache full:https://registry.npmjs.org/safe-buffer set size:41183 disposed:false
645 silly packumentCache full:https://registry.npmjs.org/safe-buffer dispose
646 http fetch GET 200 https://registry.npmjs.org/https-proxy-agent 70ms (cache revalidated)
647 silly packumentCache full:https://registry.npmjs.org/https-proxy-agent set size:83792 disposed:false
648 http fetch GET 200 https://registry.npmjs.org/json-bigint 75ms (cache revalidated)
649 silly packumentCache full:https://registry.npmjs.org/json-bigint set size:36963 disposed:false
650 http fetch GET 200 https://registry.npmjs.org/jwa 76ms (cache revalidated)
651 silly packumentCache full:https://registry.npmjs.org/jwa set size:39720 disposed:false
652 http fetch GET 200 https://registry.npmjs.org/node-fetch 83ms (cache revalidated)
653 silly packumentCache full:https://registry.npmjs.org/node-fetch set size:896010 disposed:false
654 http fetch GET 200 https://registry.npmjs.org/extend 252ms (cache revalidated)
655 silly packumentCache full:https://registry.npmjs.org/extend set size:25974 disposed:false
656 silly placeDep ROOT safe-buffer@5.2.1 OK for: ecdsa-sig-formatter@1.0.11 want: ^5.0.1
657 silly placeDep ROOT extend@3.0.2 OK for: gaxios@7.2.0 want: ^3.0.2
658 silly placeDep ROOT https-proxy-agent@7.0.6 OK for: gaxios@7.2.0 want: ^7.0.1
659 silly placeDep ROOT node-fetch@3.3.2 OK for: gaxios@7.2.0 want: ^3.3.2
660 silly fetch manifest agent-base@^7.1.2
661 silly packumentCache full:https://registry.npmjs.org/agent-base cache-miss
662 silly fetch manifest data-uri-to-buffer@^4.0.0
663 silly packumentCache full:https://registry.npmjs.org/data-uri-to-buffer cache-miss
664 silly fetch manifest fetch-blob@^3.1.4
665 silly packumentCache full:https://registry.npmjs.org/fetch-blob cache-miss
666 silly fetch manifest formdata-polyfill@^4.0.10
667 silly packumentCache full:https://registry.npmjs.org/formdata-polyfill cache-miss
668 http fetch GET 200 https://registry.npmjs.org/agent-base 51ms (cache revalidated)
669 silly packumentCache full:https://registry.npmjs.org/agent-base set size:72085 disposed:false
670 http fetch GET 200 https://registry.npmjs.org/formdata-polyfill 54ms (cache revalidated)
671 silly packumentCache full:https://registry.npmjs.org/formdata-polyfill set size:94446 disposed:false
672 http fetch GET 200 https://registry.npmjs.org/fetch-blob 62ms (cache revalidated)
673 silly packumentCache full:https://registry.npmjs.org/fetch-blob set size:73704 disposed:false
674 http fetch GET 200 https://registry.npmjs.org/data-uri-to-buffer 70ms (cache revalidated)
675 silly packumentCache full:https://registry.npmjs.org/data-uri-to-buffer set size:48018 disposed:false
676 silly placeDep ROOT json-bigint@1.0.0 OK for: gcp-metadata@8.1.2 want: ^1.0.0
677 silly fetch manifest bignumber.js@^9.0.0
678 silly packumentCache full:https://registry.npmjs.org/bignumber.js cache-miss
679 http fetch GET 200 https://registry.npmjs.org/bignumber.js 43ms (cache revalidated)
680 silly packumentCache full:https://registry.npmjs.org/bignumber.js set size:149332 disposed:false
681 silly placeDep ROOT agent-base@7.1.4 OK for: https-proxy-agent@7.0.6 want: ^7.1.2
682 silly placeDep ROOT bignumber.js@9.3.1 OK for: json-bigint@1.0.0 want: ^9.0.0
683 silly placeDep ROOT jwa@2.0.1 OK for: jws@4.0.1 want: ^2.0.1
684 silly fetch manifest buffer-equal-constant-time@^1.0.1
685 silly packumentCache full:https://registry.npmjs.org/buffer-equal-constant-time cache-miss
686 http fetch GET 200 https://registry.npmjs.org/buffer-equal-constant-time 48ms (cache revalidated)
687 silly packumentCache full:https://registry.npmjs.org/buffer-equal-constant-time set size:4390 disposed:false
688 silly placeDep ROOT buffer-equal-constant-time@1.0.1 OK for: jwa@2.0.1 want: ^1.0.1
689 silly placeDep ROOT data-uri-to-buffer@4.0.1 OK for: node-fetch@3.3.2 want: ^4.0.0
690 silly placeDep ROOT fetch-blob@3.2.0 OK for: node-fetch@3.3.2 want: ^3.1.4
691 silly placeDep ROOT formdata-polyfill@4.0.10 OK for: node-fetch@3.3.2 want: ^4.0.10
692 silly fetch manifest node-domexception@^1.0.0
693 silly packumentCache full:https://registry.npmjs.org/node-domexception cache-miss
694 silly fetch manifest web-streams-polyfill@^3.0.3
695 silly packumentCache full:https://registry.npmjs.org/web-streams-polyfill cache-miss
696 http fetch GET 200 https://registry.npmjs.org/web-streams-polyfill 48ms (cache revalidated)
697 silly packumentCache full:https://registry.npmjs.org/web-streams-polyfill set size:140806 disposed:false
698 http fetch GET 200 https://registry.npmjs.org/node-domexception 185ms (cache revalidated)
699 silly packumentCache full:https://registry.npmjs.org/node-domexception set size:11516 disposed:false
700 silly placeDep ROOT node-domexception@1.0.0 OK for: fetch-blob@3.2.0 want: ^1.0.0
701 silly placeDep ROOT web-streams-polyfill@3.3.3 OK for: fetch-blob@3.2.0 want: ^3.0.3
702 silly placeDep ROOT global-agent@3.0.0 OK for: onnxruntime-node@1.23.2 want: ^3.0.0
703 silly placeDep ROOT onnxruntime-common@1.23.2 OK for: onnxruntime-node@1.23.2 want: 1.23.2
704 silly fetch manifest roarr@^2.15.3
705 silly packumentCache full:https://registry.npmjs.org/roarr cache-miss
706 silly fetch manifest semver@^7.3.2
707 silly packumentCache full:https://registry.npmjs.org/semver cache-hit
708 silly fetch manifest boolean@^3.0.1
709 silly packumentCache full:https://registry.npmjs.org/boolean cache-miss
710 silly fetch manifest matcher@^3.0.0
711 silly packumentCache full:https://registry.npmjs.org/matcher cache-miss
712 silly fetch manifest es6-error@^4.1.1
713 silly packumentCache full:https://registry.npmjs.org/es6-error cache-miss
714 silly fetch manifest serialize-error@^7.0.1
715 silly packumentCache full:https://registry.npmjs.org/serialize-error cache-miss
716 http fetch GET 200 https://registry.npmjs.org/es6-error 46ms (cache revalidated)
717 silly packumentCache full:https://registry.npmjs.org/es6-error set size:27924 disposed:false
718 http fetch GET 200 https://registry.npmjs.org/matcher 56ms (cache revalidated)
719 silly packumentCache full:https://registry.npmjs.org/matcher set size:31202 disposed:false
720 http fetch GET 200 https://registry.npmjs.org/boolean 60ms (cache revalidated)
721 silly packumentCache full:https://registry.npmjs.org/boolean set size:61486 disposed:false
722 http fetch GET 200 https://registry.npmjs.org/roarr 316ms (cache revalidated)
723 silly packumentCache full:https://registry.npmjs.org/roarr set size:529663 disposed:false
724 http fetch GET 200 https://registry.npmjs.org/serialize-error 343ms (cache revalidated)
725 silly packumentCache full:https://registry.npmjs.org/serialize-error set size:64056 disposed:false
726 silly placeDep ROOT boolean@3.2.0 OK for: global-agent@3.0.0 want: ^3.0.1
727 silly placeDep ROOT es6-error@4.1.1 OK for: global-agent@3.0.0 want: ^4.1.1
728 silly placeDep ROOT matcher@3.0.0 OK for: global-agent@3.0.0 want: ^3.0.0
729 silly placeDep ROOT roarr@2.15.4 OK for: global-agent@3.0.0 want: ^2.15.3
730 silly placeDep ROOT semver@7.8.5 OK for: global-agent@3.0.0 want: ^7.3.2
731 silly placeDep ROOT serialize-error@7.0.1 OK for: global-agent@3.0.0 want: ^7.0.1
732 silly fetch manifest escape-string-regexp@^4.0.0
733 silly packumentCache full:https://registry.npmjs.org/escape-string-regexp cache-miss
734 silly fetch manifest globalthis@^1.0.1
735 silly packumentCache full:https://registry.npmjs.org/globalthis cache-miss
736 silly fetch manifest sprintf-js@^1.1.2
737 silly packumentCache full:https://registry.npmjs.org/sprintf-js cache-miss
738 silly fetch manifest detect-node@^2.0.4
739 silly packumentCache full:https://registry.npmjs.org/detect-node cache-miss
740 silly fetch manifest semver-compare@^1.0.0
741 silly packumentCache full:https://registry.npmjs.org/semver-compare cache-miss
742 silly fetch manifest json-stringify-safe@^5.0.1
743 silly packumentCache full:https://registry.npmjs.org/json-stringify-safe cache-miss
744 silly fetch manifest type-fest@^0.13.1
745 silly packumentCache full:https://registry.npmjs.org/type-fest cache-miss
746 http fetch GET 200 https://registry.npmjs.org/globalthis 63ms (cache revalidated)
747 silly packumentCache full:https://registry.npmjs.org/globalthis set size:22522 disposed:false
748 http fetch GET 200 https://registry.npmjs.org/json-stringify-safe 63ms (cache revalidated)
749 silly packumentCache full:https://registry.npmjs.org/json-stringify-safe set size:8806 disposed:false
750 http fetch GET 200 https://registry.npmjs.org/sprintf-js 68ms (cache revalidated)
751 silly packumentCache full:https://registry.npmjs.org/sprintf-js set size:20495 disposed:false
752 http fetch GET 200 https://registry.npmjs.org/escape-string-regexp 71ms (cache revalidated)
753 silly packumentCache full:https://registry.npmjs.org/escape-string-regexp set size:22244 disposed:false
754 http fetch GET 200 https://registry.npmjs.org/detect-node 76ms (cache revalidated)
755 silly packumentCache full:https://registry.npmjs.org/detect-node set size:14548 disposed:false
756 http fetch GET 200 https://registry.npmjs.org/semver-compare 80ms (cache revalidated)
757 silly packumentCache full:https://registry.npmjs.org/semver-compare set size:3392 disposed:false
758 http fetch GET 200 https://registry.npmjs.org/type-fest 82ms (cache revalidated)
759 silly packumentCache full:https://registry.npmjs.org/type-fest set size:566201 disposed:false
760 silly placeDep ROOT escape-string-regexp@4.0.0 OK for: matcher@3.0.0 want: ^4.0.0
761 silly placeDep ROOT default-browser@5.5.0 OK for: open@10.2.0 want: ^5.2.1
762 silly placeDep ROOT define-lazy-prop@3.0.0 OK for: open@10.2.0 want: ^3.0.0
763 silly placeDep ROOT is-inside-container@1.0.0 OK for: open@10.2.0 want: ^1.0.0
764 silly placeDep ROOT wsl-utils@0.1.0 OK for: open@10.2.0 want: ^0.1.0
765 silly fetch manifest bundle-name@^4.1.0
766 silly packumentCache full:https://registry.npmjs.org/bundle-name cache-miss
767 silly fetch manifest default-browser-id@^5.0.0
768 silly packumentCache full:https://registry.npmjs.org/default-browser-id cache-miss
769 silly fetch manifest is-docker@^3.0.0
770 silly packumentCache full:https://registry.npmjs.org/is-docker cache-miss
771 silly fetch manifest is-wsl@^3.1.0
772 silly packumentCache full:https://registry.npmjs.org/is-wsl cache-miss
773 http fetch GET 200 https://registry.npmjs.org/bundle-name 58ms (cache revalidated)
774 silly packumentCache full:https://registry.npmjs.org/bundle-name set size:17344 disposed:false
775 http fetch GET 200 https://registry.npmjs.org/default-browser-id 62ms (cache revalidated)
776 silly packumentCache full:https://registry.npmjs.org/default-browser-id set size:24398 disposed:false
777 http fetch GET 200 https://registry.npmjs.org/is-wsl 63ms (cache revalidated)
778 silly packumentCache full:https://registry.npmjs.org/is-wsl set size:20683 disposed:false
779 http fetch GET 200 https://registry.npmjs.org/is-docker 67ms (cache revalidated)
780 silly packumentCache full:https://registry.npmjs.org/is-docker set size:23690 disposed:false
781 silly placeDep ROOT bundle-name@4.1.0 OK for: default-browser@5.5.0 want: ^4.1.0
782 silly placeDep ROOT default-browser-id@5.0.1 OK for: default-browser@5.5.0 want: ^5.0.0
783 silly fetch manifest run-applescript@^7.0.0
784 silly packumentCache full:https://registry.npmjs.org/run-applescript cache-miss
785 http fetch GET 200 https://registry.npmjs.org/run-applescript 60ms (cache revalidated)
786 silly packumentCache full:https://registry.npmjs.org/run-applescript set size:27897 disposed:false
787 silly placeDep ROOT run-applescript@7.1.0 OK for: bundle-name@4.1.0 want: ^7.0.0
788 silly placeDep ROOT is-docker@3.0.0 OK for: is-inside-container@1.0.0 want: ^3.0.0
789 silly placeDep ROOT @types/retry@0.12.0 OK for: p-retry@4.6.2 want: 0.12.0
790 silly placeDep ROOT retry@0.13.1 OK for: p-retry@4.6.2 want: ^0.13.1
791 silly placeDep ROOT nanoid@3.3.16 OK for: postcss@8.5.22 want: ^3.3.16
792 silly placeDep ROOT picocolors@1.1.1 OK for: postcss@8.5.22 want: ^1.1.1
793 silly placeDep ROOT source-map-js@1.2.1 OK for: postcss@8.5.22 want: ^1.2.1
794 silly placeDep ROOT @protobufjs/aspromise@1.1.2 OK for: protobufjs@7.6.5 want: ^1.1.2
795 silly placeDep ROOT @protobufjs/base64@1.1.2 OK for: protobufjs@7.6.5 want: ^1.1.2
796 silly placeDep ROOT @protobufjs/codegen@2.0.5 OK for: protobufjs@7.6.5 want: ^2.0.5
797 silly placeDep ROOT @protobufjs/eventemitter@1.1.1 OK for: protobufjs@7.6.5 want: ^1.1.1
798 silly placeDep ROOT @protobufjs/fetch@1.1.1 OK for: protobufjs@7.6.5 want: ^1.1.1
799 silly placeDep ROOT @protobufjs/float@1.0.2 OK for: protobufjs@7.6.5 want: ^1.0.2
800 silly placeDep ROOT @protobufjs/path@1.1.2 OK for: protobufjs@7.6.5 want: ^1.1.2
801 silly placeDep ROOT @protobufjs/pool@1.1.0 OK for: protobufjs@7.6.5 want: ^1.1.0
802 silly placeDep ROOT @protobufjs/utf8@1.1.2 OK for: protobufjs@7.6.5 want: ^1.1.1
803 silly placeDep ROOT @types/node@26.1.1 OK for: protobufjs@7.6.5 want: >=13.7.0
804 silly placeDep ROOT long@5.3.2 OK for: protobufjs@7.6.5 want: ^5.3.2
805 silly fetch manifest undici-types@~8.3.0
806 silly packumentCache full:https://registry.npmjs.org/undici-types cache-miss
807 http fetch GET 200 https://registry.npmjs.org/undici-types 44ms (cache revalidated)
808 silly packumentCache full:https://registry.npmjs.org/undici-types set size:241517 disposed:false
809 silly placeDep ROOT undici-types@8.3.0 OK for: @types/node@26.1.1 want: ~8.3.0
810 silly placeDep ROOT chromium-bidi@16.0.1 OK for: puppeteer-core@25.3.0 want: 16.0.1
811 silly placeDep ROOT devtools-protocol@0.0.1638949 OK for: chromium-bidi@16.0.1 want: *
812 silly placeDep ROOT typed-query-selector@2.12.2 OK for: puppeteer-core@25.3.0 want: ^2.12.2
813 silly placeDep ROOT webdriver-bidi-protocol@0.4.2 OK for: puppeteer-core@25.3.0 want: 0.4.2
814 silly fetch manifest zod@^3.24.1
815 silly packumentCache full:https://registry.npmjs.org/zod cache-miss
816 silly fetch manifest mitt@^3.0.1
817 silly packumentCache full:https://registry.npmjs.org/mitt cache-miss
818 http fetch GET 200 https://registry.npmjs.org/mitt 102ms (cache revalidated)
819 silly packumentCache full:https://registry.npmjs.org/mitt set size:61451 disposed:false
820 http fetch GET 200 https://registry.npmjs.org/zod 118ms (cache revalidated)
821 silly packumentCache full:https://registry.npmjs.org/zod set size:3552562 disposed:false
822 silly placeDep ROOT mitt@3.0.1 OK for: chromium-bidi@16.0.1 want: ^3.0.1
823 silly placeDep ROOT zod@3.25.76 OK for: chromium-bidi@16.0.1 want: ^3.24.1
824 silly placeDep ROOT detect-node@2.1.0 OK for: roarr@2.15.4 want: ^2.0.4
825 silly placeDep ROOT globalthis@1.0.4 OK for: roarr@2.15.4 want: ^1.0.1
826 silly placeDep ROOT json-stringify-safe@5.0.1 OK for: roarr@2.15.4 want: ^5.0.1
827 silly placeDep ROOT semver-compare@1.0.0 OK for: roarr@2.15.4 want: ^1.0.0
828 silly placeDep ROOT sprintf-js@1.1.3 OK for: roarr@2.15.4 want: ^1.1.2
829 silly fetch manifest define-properties@^1.2.1
830 silly packumentCache full:https://registry.npmjs.org/define-properties cache-miss
831 silly fetch manifest gopd@^1.0.1
832 silly packumentCache full:https://registry.npmjs.org/gopd cache-miss
833 http fetch GET 200 https://registry.npmjs.org/gopd 84ms (cache revalidated)
834 silly packumentCache full:https://registry.npmjs.org/gopd set size:11483 disposed:false
835 http fetch GET 200 https://registry.npmjs.org/define-properties 87ms (cache revalidated)
836 silly packumentCache full:https://registry.npmjs.org/define-properties set size:31491 disposed:false
837 silly placeDep ROOT define-properties@1.2.1 OK for: globalthis@1.0.4 want: ^1.2.1
838 silly placeDep ROOT gopd@1.2.0 OK for: globalthis@1.0.4 want: ^1.0.1
839 silly fetch manifest define-data-property@^1.0.1
840 silly packumentCache full:https://registry.npmjs.org/define-data-property cache-miss
841 silly fetch manifest has-property-descriptors@^1.0.0
842 silly packumentCache full:https://registry.npmjs.org/has-property-descriptors cache-miss
843 silly fetch manifest object-keys@^1.1.1
844 silly packumentCache full:https://registry.npmjs.org/object-keys cache-miss
845 http fetch GET 200 https://registry.npmjs.org/has-property-descriptors 55ms (cache revalidated)
846 silly packumentCache full:https://registry.npmjs.org/has-property-descriptors set size:12452 disposed:false
847 http fetch GET 200 https://registry.npmjs.org/define-data-property 58ms (cache revalidated)
848 silly packumentCache full:https://registry.npmjs.org/define-data-property set size:28048 disposed:false
849 http fetch GET 200 https://registry.npmjs.org/object-keys 60ms (cache revalidated)
850 silly packumentCache full:https://registry.npmjs.org/object-keys set size:67744 disposed:false
851 silly placeDep ROOT define-data-property@1.1.4 OK for: define-properties@1.2.1 want: ^1.0.1
852 silly placeDep ROOT has-property-descriptors@1.0.2 OK for: define-properties@1.2.1 want: ^1.0.0
853 silly placeDep ROOT object-keys@1.1.1 OK for: define-properties@1.2.1 want: ^1.1.1
854 silly fetch manifest es-define-property@^1.0.0
855 silly packumentCache full:https://registry.npmjs.org/es-define-property cache-miss
856 silly fetch manifest es-errors@^1.3.0
857 silly packumentCache full:https://registry.npmjs.org/es-errors cache-miss
858 silly fetch manifest es-define-property@^1.0.0
859 silly packumentCache full:https://registry.npmjs.org/es-define-property cache-miss
860 http fetch GET 200 https://registry.npmjs.org/es-errors 55ms (cache revalidated)
861 silly packumentCache full:https://registry.npmjs.org/es-errors set size:16918 disposed:false
862 http fetch GET 200 https://registry.npmjs.org/es-define-property 60ms (cache revalidated)
863 silly packumentCache full:https://registry.npmjs.org/es-define-property set size:8542 disposed:false
864 http fetch GET 200 https://registry.npmjs.org/es-define-property 64ms (cache revalidated)
865 silly packumentCache full:https://registry.npmjs.org/es-define-property set size:8542 disposed:false
866 silly packumentCache full:https://registry.npmjs.org/es-define-property dispose
867 silly placeDep ROOT es-define-property@1.0.1 OK for: define-data-property@1.1.4 want: ^1.0.0
868 silly placeDep ROOT es-errors@1.3.0 OK for: define-data-property@1.1.4 want: ^1.3.0
869 silly placeDep ROOT type-fest@0.13.1 OK for: serialize-error@7.0.1 want: ^0.13.1
870 silly placeDep ROOT @img/colour@1.1.0 OK for: sharp@0.34.5 want: ^1.0.0
871 silly placeDep ROOT @img/sharp-darwin-arm64@0.34.5 OK for: sharp@0.34.5 want: 0.34.5
872 silly placeDep ROOT @img/sharp-darwin-x64@0.34.5 OK for: sharp@0.34.5 want: 0.34.5
873 silly placeDep ROOT @img/sharp-libvips-darwin-arm64@1.2.4 OK for: sharp@0.34.5 want: 1.2.4
874 silly placeDep ROOT @img/sharp-libvips-darwin-x64@1.2.4 OK for: sharp@0.34.5 want: 1.2.4
875 silly placeDep ROOT @img/sharp-libvips-linux-arm@1.2.4 OK for: sharp@0.34.5 want: 1.2.4
876 silly placeDep ROOT @img/sharp-libvips-linux-arm64@1.2.4 OK for: sharp@0.34.5 want: 1.2.4
877 silly placeDep ROOT @img/sharp-libvips-linux-ppc64@1.2.4 OK for: sharp@0.34.5 want: 1.2.4
878 silly placeDep ROOT @img/sharp-libvips-linux-riscv64@1.2.4 OK for: sharp@0.34.5 want: 1.2.4
879 silly placeDep ROOT @img/sharp-libvips-linux-s390x@1.2.4 OK for: sharp@0.34.5 want: 1.2.4
880 silly placeDep ROOT @img/sharp-libvips-linux-x64@1.2.4 OK for: sharp@0.34.5 want: 1.2.4
881 silly placeDep ROOT @img/sharp-libvips-linuxmusl-arm64@1.2.4 OK for: sharp@0.34.5 want: 1.2.4
882 silly placeDep ROOT @img/sharp-libvips-linuxmusl-x64@1.2.4 OK for: sharp@0.34.5 want: 1.2.4
883 silly placeDep ROOT @img/sharp-linux-arm@0.34.5 OK for: sharp@0.34.5 want: 0.34.5
884 silly placeDep ROOT @img/sharp-linux-arm64@0.34.5 OK for: sharp@0.34.5 want: 0.34.5
885 silly placeDep ROOT @img/sharp-linux-ppc64@0.34.5 OK for: sharp@0.34.5 want: 0.34.5
886 silly placeDep ROOT @img/sharp-linux-riscv64@0.34.5 OK for: sharp@0.34.5 want: 0.34.5
887 silly placeDep ROOT @img/sharp-linux-s390x@0.34.5 OK for: sharp@0.34.5 want: 0.34.5
888 silly placeDep ROOT @img/sharp-linux-x64@0.34.5 OK for: sharp@0.34.5 want: 0.34.5
889 silly placeDep ROOT @img/sharp-linuxmusl-arm64@0.34.5 OK for: sharp@0.34.5 want: 0.34.5
890 silly placeDep ROOT @img/sharp-linuxmusl-x64@0.34.5 OK for: sharp@0.34.5 want: 0.34.5
891 silly placeDep ROOT @img/sharp-wasm32@0.34.5 OK for: sharp@0.34.5 want: 0.34.5
892 silly placeDep ROOT @img/sharp-win32-arm64@0.34.5 OK for: sharp@0.34.5 want: 0.34.5
893 silly placeDep ROOT @img/sharp-win32-ia32@0.34.5 OK for: sharp@0.34.5 want: 0.34.5
894 silly placeDep ROOT @img/sharp-win32-x64@0.34.5 OK for: sharp@0.34.5 want: 0.34.5
895 silly placeDep ROOT detect-libc@2.1.2 OK for: sharp@0.34.5 want: ^2.1.2
896 silly fetch manifest @emnapi/runtime@^1.7.0
897 silly packumentCache full:https://registry.npmjs.org/@emnapi%2fruntime cache-miss
898 http fetch GET 200 https://registry.npmjs.org/@emnapi%2fruntime 74ms (cache revalidated)
899 silly packumentCache full:https://registry.npmjs.org/@emnapi%2fruntime set size:120481 disposed:false
900 silly placeDep ROOT @emnapi/runtime@1.11.2 OK for: @img/sharp-wasm32@0.34.5 want: ^1.7.0
901 silly placeDep ROOT pako@0.2.9 OK for: unicode-trie@2.0.0 want: ^0.2.5
902 silly placeDep ROOT is-wsl@3.1.1 OK for: wsl-utils@0.1.0 want: ^3.1.0
903 silly placeDep ROOT cliui@9.0.1 OK for: yargs@18.0.0 want: ^9.0.1
904 silly placeDep ROOT escalade@3.2.0 OK for: yargs@18.0.0 want: ^3.1.1
905 silly placeDep ROOT get-caller-file@2.0.5 OK for: yargs@18.0.0 want: ^2.0.5
906 silly placeDep ROOT string-width@7.2.0 OK for: yargs@18.0.0 want: ^7.2.0
907 silly placeDep ROOT y18n@5.0.8 OK for: yargs@18.0.0 want: ^5.0.5
908 silly placeDep ROOT yargs-parser@22.0.0 OK for: yargs@18.0.0 want: ^22.0.0
909 silly fetch manifest strip-ansi@^7.1.0
910 silly packumentCache full:https://registry.npmjs.org/strip-ansi cache-miss
911 silly fetch manifest wrap-ansi@^9.0.0
912 silly packumentCache full:https://registry.npmjs.org/wrap-ansi cache-miss
913 silly fetch manifest strip-ansi@^7.1.0
914 silly packumentCache full:https://registry.npmjs.org/strip-ansi cache-miss
915 silly fetch manifest emoji-regex@^10.3.0
916 silly packumentCache full:https://registry.npmjs.org/emoji-regex cache-miss
917 silly fetch manifest get-east-asian-width@^1.0.0
918 silly packumentCache full:https://registry.npmjs.org/get-east-asian-width cache-miss
919 http fetch GET 200 https://registry.npmjs.org/strip-ansi 45ms (cache revalidated)
920 silly packumentCache full:https://registry.npmjs.org/strip-ansi set size:44998 disposed:false
921 http fetch GET 200 https://registry.npmjs.org/wrap-ansi 53ms (cache revalidated)
922 silly packumentCache full:https://registry.npmjs.org/wrap-ansi set size:55299 disposed:false
923 http fetch GET 200 https://registry.npmjs.org/emoji-regex 54ms (cache revalidated)
924 silly packumentCache full:https://registry.npmjs.org/emoji-regex set size:89064 disposed:false
925 http fetch GET 200 https://registry.npmjs.org/strip-ansi 59ms (cache revalidated)
926 silly packumentCache full:https://registry.npmjs.org/strip-ansi set size:44998 disposed:false
927 silly packumentCache full:https://registry.npmjs.org/strip-ansi dispose
928 http fetch GET 200 https://registry.npmjs.org/get-east-asian-width 60ms (cache revalidated)
929 silly packumentCache full:https://registry.npmjs.org/get-east-asian-width set size:20538 disposed:false
930 silly placeDep ROOT strip-ansi@7.2.0 OK for: cliui@9.0.1 want: ^7.1.0
931 silly placeDep ROOT wrap-ansi@9.0.2 OK for: cliui@9.0.1 want: ^9.0.0
932 silly fetch manifest ansi-regex@^6.2.2
933 silly packumentCache full:https://registry.npmjs.org/ansi-regex cache-miss
934 silly fetch manifest ansi-styles@^6.2.1
935 silly packumentCache full:https://registry.npmjs.org/ansi-styles cache-miss
936 http fetch GET 200 https://registry.npmjs.org/ansi-regex 43ms (cache revalidated)
937 silly packumentCache full:https://registry.npmjs.org/ansi-regex set size:43572 disposed:false
938 http fetch GET 200 https://registry.npmjs.org/ansi-styles 46ms (cache revalidated)
939 silly packumentCache full:https://registry.npmjs.org/ansi-styles set size:63233 disposed:false
940 silly placeDep ROOT emoji-regex@10.6.0 OK for: string-width@7.2.0 want: ^10.3.0
941 silly placeDep ROOT get-east-asian-width@1.6.0 OK for: string-width@7.2.0 want: ^1.0.0
942 silly placeDep ROOT ansi-regex@6.2.2 OK for: strip-ansi@7.2.0 want: ^6.2.2
943 silly placeDep ROOT ansi-styles@6.2.3 OK for: wrap-ansi@9.0.2 want: ^6.2.1
944 silly reify moves {}
945 silly audit bulk request {
945 silly audit   hyperframes: [ '0.7.68' ],
945 silly audit   '@google/genai': [ '1.52.0' ],
945 silly audit   '@hono/node-server': [ '1.19.14' ],
945 silly audit   hono: [ '4.12.31' ],
945 silly audit   '@puppeteer/browsers': [ '3.0.6' ],
945 silly audit   'adm-zip': [ '0.5.18' ],
945 silly audit   citty: [ '0.2.2' ],
945 silly audit   'compare-versions': [ '6.1.1' ],
945 silly audit   debug: [ '4.4.3' ],
945 silly audit   esbuild: [ '0.25.12' ],
945 silly audit   fontkit: [ '2.0.4' ],
945 silly audit   giget: [ '3.3.0' ],
945 silly audit   ignore: [ '5.3.2' ],
945 silly audit   'onnxruntime-node': [ '1.23.2' ],
945 silly audit   open: [ '10.2.0' ],
945 silly audit   postcss: [ '8.5.22' ],
945 silly audit   prettier: [ '3.9.6' ],
945 silly audit   'puppeteer-core': [ '25.3.0' ],
945 silly audit   sharp: [ '0.34.5' ],
945 silly audit   'google-auth-library': [ '10.9.0' ],
945 silly audit   'p-retry': [ '4.6.2' ],
945 silly audit   protobufjs: [ '7.6.5' ],
945 silly audit   ws: [ '8.21.1' ],
945 silly audit   'modern-tar': [ '0.7.7' ],
945 silly audit   yargs: [ '18.0.0' ],
945 silly audit   ms: [ '2.1.3' ],
945 silly audit   '@esbuild/aix-ppc64': [ '0.25.12' ],
945 silly audit   '@esbuild/android-arm': [ '0.25.12' ],
945 silly audit   '@esbuild/android-arm64': [ '0.25.12' ],
945 silly audit   '@esbuild/android-x64': [ '0.25.12' ],
945 silly audit   '@esbuild/darwin-arm64': [ '0.25.12' ],
945 silly audit   '@esbuild/darwin-x64': [ '0.25.12' ],
945 silly audit   '@esbuild/freebsd-arm64': [ '0.25.12' ],
945 silly audit   '@esbuild/freebsd-x64': [ '0.25.12' ],
945 silly audit   '@esbuild/linux-arm': [ '0.25.12' ],
945 silly audit   '@esbuild/linux-arm64': [ '0.25.12' ],
945 silly audit   '@esbuild/linux-ia32': [ '0.25.12' ],
945 silly audit   '@esbuild/linux-loong64': [ '0.25.12' ],
945 silly audit   '@esbuild/linux-mips64el': [ '0.25.12' ],
945 silly audit   '@esbuild/linux-ppc64': [ '0.25.12' ],
945 silly audit   '@esbuild/linux-riscv64': [ '0.25.12' ],
945 silly audit   '@esbuild/linux-s390x': [ '0.25.12' ],
945 silly audit   '@esbuild/linux-x64': [ '0.25.12' ],
945 silly audit   '@esbuild/netbsd-arm64': [ '0.25.12' ],
945 silly audit   '@esbuild/netbsd-x64': [ '0.25.12' ],
945 silly audit   '@esbuild/openbsd-arm64': [ '0.25.12' ],
945 silly audit   '@esbuild/openbsd-x64': [ '0.25.12' ],
945 silly audit   '@esbuild/openharmony-arm64': [ '0.25.12' ],
945 silly audit   '@esbuild/sunos-x64': [ '0.25.12' ],
945 silly audit   '@esbuild/win32-arm64': [ '0.25.12' ],
945 silly audit   '@esbuild/win32-ia32': [ '0.25.12' ],
945 silly audit   '@esbuild/win32-x64': [ '0.25.12' ],
945 silly audit   '@swc/helpers': [ '0.5.23' ],
945 silly audit   brotli: [ '1.3.3' ],
945 silly audit   clone: [ '2.1.2' ],
945 silly audit   dfa: [ '1.2.0' ],
945 silly audit   'fast-deep-equal': [ '3.1.3' ],
945 silly audit   restructure: [ '3.0.2' ],
945 silly audit   'tiny-inflate': [ '1.0.3' ],
945 silly audit   'unicode-properties': [ '1.4.1' ],
945 silly audit   'unicode-trie': [ '2.0.0' ],
945 silly audit   tslib: [ '2.8.1' ],
945 silly audit   'base64-js': [ '1.5.1' ],
945 silly audit   'ecdsa-sig-formatter': [ '1.0.11' ],
945 silly audit   gaxios: [ '7.2.0' ],
945 silly audit   'gcp-metadata': [ '8.1.2' ],
945 silly audit   'google-logging-utils': [ '1.1.3' ],
945 silly audit   jws: [ '4.0.1' ],
945 silly audit   'safe-buffer': [ '5.2.1' ],
945 silly audit   extend: [ '3.0.2' ],
945 silly audit   'https-proxy-agent': [ '7.0.6' ],
945 silly audit   'node-fetch': [ '3.3.2' ],
945 silly audit   'json-bigint': [ '1.0.0' ],
945 silly audit   'agent-base': [ '7.1.4' ],
945 silly audit   'bignumber.js': [ '9.3.1' ],
945 silly audit   jwa: [ '2.0.1' ],
945 silly audit   'buffer-equal-constant-time': [ '1.0.1' ],
945 silly audit   'data-uri-to-buffer': [ '4.0.1' ],
945 silly audit   'fetch-blob': [ '3.2.0' ],
945 silly audit   'formdata-polyfill': [ '4.0.10' ],
945 silly audit   'node-domexception': [ '1.0.0' ],
945 silly audit   'web-streams-polyfill': [ '3.3.3' ],
945 silly audit   'global-agent': [ '3.0.0' ],
945 silly audit   'onnxruntime-common': [ '1.23.2' ],
945 silly audit   boolean: [ '3.2.0' ],
945 silly audit   'es6-error': [ '4.1.1' ],
945 silly audit   matcher: [ '3.0.0' ],
945 silly audit   roarr: [ '2.15.4' ],
945 silly audit   semver: [ '7.8.5' ],
945 silly audit   'serialize-error': [ '7.0.1' ],
945 silly audit   'escape-string-regexp': [ '4.0.0' ],
945 silly audit   'default-browser': [ '5.5.0' ],
945 silly audit   'define-lazy-prop': [ '3.0.0' ],
945 silly audit   'is-inside-container': [ '1.0.0' ],
945 silly audit   'wsl-utils': [ '0.1.0' ],
945 silly audit   'bundle-name': [ '4.1.0' ],
945 silly audit   'default-browser-id': [ '5.0.1' ],
945 silly audit   'run-applescript': [ '7.1.0' ],
945 silly audit   'is-docker': [ '3.0.0' ],
945 silly audit   '@types/retry': [ '0.12.0' ],
945 silly audit   retry: [ '0.13.1' ],
945 silly audit   nanoid: [ '3.3.16' ],
945 silly audit   picocolors: [ '1.1.1' ],
945 silly audit   'source-map-js': [ '1.2.1' ],
945 silly audit   '@protobufjs/aspromise': [ '1.1.2' ],
945 silly audit   '@protobufjs/base64': [ '1.1.2' ],
945 silly audit   '@protobufjs/codegen': [ '2.0.5' ],
945 silly audit   '@protobufjs/eventemitter': [ '1.1.1' ],
945 silly audit   '@protobufjs/fetch': [ '1.1.1' ],
945 silly audit   '@protobufjs/float': [ '1.0.2' ],
945 silly audit   '@protobufjs/path': [ '1.1.2' ],
945 silly audit   '@protobufjs/pool': [ '1.1.0' ],
945 silly audit   '@protobufjs/utf8': [ '1.1.2' ],
945 silly audit   '@types/node': [ '26.1.1' ],
945 silly audit   long: [ '5.3.2' ],
945 silly audit   'undici-types': [ '8.3.0' ],
945 silly audit   'chromium-bidi': [ '16.0.1' ],
945 silly audit   'devtools-protocol': [ '0.0.1638949' ],
945 silly audit   'typed-query-selector': [ '2.12.2' ],
945 silly audit   'webdriver-bidi-protocol': [ '0.4.2' ],
945 silly audit   mitt: [ '3.0.1' ],
945 silly audit   zod: [ '3.25.76' ],
945 silly audit   'detect-node': [ '2.1.0' ],
945 silly audit   globalthis: [ '1.0.4' ],
945 silly audit   'json-stringify-safe': [ '5.0.1' ],
945 silly audit   'semver-compare': [ '1.0.0' ],
945 silly audit   'sprintf-js': [ '1.1.3' ],
945 silly audit   'define-properties': [ '1.2.1' ],
945 silly audit   gopd: [ '1.2.0' ],
945 silly audit   'define-data-property': [ '1.1.4' ],
945 silly audit   'has-property-descriptors': [ '1.0.2' ],
945 silly audit   'object-keys': [ '1.1.1' ],
945 silly audit   'es-define-property': [ '1.0.1' ],
945 silly audit   'es-errors': [ '1.3.0' ],
945 silly audit   'type-fest': [ '0.13.1' ],
945 silly audit   '@img/colour': [ '1.1.0' ],
945 silly audit   '@img/sharp-darwin-arm64': [ '0.34.5' ],
945 silly audit   '@img/sharp-darwin-x64': [ '0.34.5' ],
945 silly audit   '@img/sharp-libvips-darwin-arm64': [ '1.2.4' ],
945 silly audit   '@img/sharp-libvips-darwin-x64': [ '1.2.4' ],
945 silly audit   '@img/sharp-libvips-linux-arm': [ '1.2.4' ],
945 silly audit   '@img/sharp-libvips-linux-arm64': [ '1.2.4' ],
945 silly audit   '@img/sharp-libvips-linux-ppc64': [ '1.2.4' ],
945 silly audit   '@img/sharp-libvips-linux-riscv64': [ '1.2.4' ],
945 silly audit   '@img/sharp-libvips-linux-s390x': [ '1.2.4' ],
945 silly audit   '@img/sharp-libvips-linux-x64': [ '1.2.4' ],
945 silly audit   '@img/sharp-libvips-linuxmusl-arm64': [ '1.2.4' ],
945 silly audit   '@img/sharp-libvips-linuxmusl-x64': [ '1.2.4' ],
945 silly audit   '@img/sharp-linux-arm': [ '0.34.5' ],
945 silly audit   '@img/sharp-linux-arm64': [ '0.34.5' ],
945 silly audit   '@img/sharp-linux-ppc64': [ '0.34.5' ],
945 silly audit   '@img/sharp-linux-riscv64': [ '0.34.5' ],
945 silly audit   '@img/sharp-linux-s390x': [ '0.34.5' ],
945 silly audit   '@img/sharp-linux-x64': [ '0.34.5' ],
945 silly audit   '@img/sharp-linuxmusl-arm64': [ '0.34.5' ],
945 silly audit   '@img/sharp-linuxmusl-x64': [ '0.34.5' ],
945 silly audit   '@img/sharp-wasm32': [ '0.34.5' ],
945 silly audit   '@img/sharp-win32-arm64': [ '0.34.5' ],
945 silly audit   '@img/sharp-win32-ia32': [ '0.34.5' ],
945 silly audit   '@img/sharp-win32-x64': [ '0.34.5' ],
945 silly audit   'detect-libc': [ '2.1.2' ],
945 silly audit   '@emnapi/runtime': [ '1.11.2' ],
945 silly audit   pako: [ '0.2.9' ],
945 silly audit   'is-wsl': [ '3.1.1' ],
945 silly audit   cliui: [ '9.0.1' ],
945 silly audit   escalade: [ '3.2.0' ],
945 silly audit   'get-caller-file': [ '2.0.5' ],
945 silly audit   'string-width': [ '7.2.0' ],
945 silly audit   y18n: [ '5.0.8' ],
945 silly audit   'yargs-parser': [ '22.0.0' ],
945 silly audit   'strip-ansi': [ '7.2.0' ],
945 silly audit   'wrap-ansi': [ '9.0.2' ],
945 silly audit   'emoji-regex': [ '10.6.0' ],
945 silly audit   'get-east-asian-width': [ '1.6.0' ],
945 silly audit   'ansi-regex': [ '6.2.2' ],
945 silly audit   'ansi-styles': [ '6.2.3' ]
945 silly audit }
946 http cache ansi-styles@https://registry.npmjs.org/ansi-styles/-/ansi-styles-6.2.3.tgz 0ms (cache hit)
947 http cache ansi-regex@https://registry.npmjs.org/ansi-regex/-/ansi-regex-6.2.2.tgz 0ms (cache hit)
948 http cache strip-ansi@https://registry.npmjs.org/strip-ansi/-/strip-ansi-7.2.0.tgz 0ms (cache hit)
949 http cache get-east-asian-width@https://registry.npmjs.org/get-east-asian-width/-/get-east-asian-width-1.6.0.tgz 0ms (cache hit)
950 http cache emoji-regex@https://registry.npmjs.org/emoji-regex/-/emoji-regex-10.6.0.tgz 0ms (cache hit)
951 http cache yargs-parser@https://registry.npmjs.org/yargs-parser/-/yargs-parser-22.0.0.tgz 0ms (cache hit)
952 http cache y18n@https://registry.npmjs.org/y18n/-/y18n-5.0.8.tgz 0ms (cache hit)
953 http cache get-caller-file@https://registry.npmjs.org/get-caller-file/-/get-caller-file-2.0.5.tgz 0ms (cache hit)
954 http cache string-width@https://registry.npmjs.org/string-width/-/string-width-7.2.0.tgz 0ms (cache hit)
955 http cache wrap-ansi@https://registry.npmjs.org/wrap-ansi/-/wrap-ansi-9.0.2.tgz 0ms (cache hit)
956 http cache cliui@https://registry.npmjs.org/cliui/-/cliui-9.0.1.tgz 0ms (cache hit)
957 http cache escalade@https://registry.npmjs.org/escalade/-/escalade-3.2.0.tgz 0ms (cache hit)
958 http cache @img/sharp-win32-x64@https://registry.npmjs.org/@img/sharp-win32-x64/-/sharp-win32-x64-0.34.5.tgz 0ms (cache hit)
959 http cache is-wsl@https://registry.npmjs.org/is-wsl/-/is-wsl-3.1.1.tgz 0ms (cache hit)
960 http cache @img/colour@https://registry.npmjs.org/@img/colour/-/colour-1.1.0.tgz 0ms (cache hit)
961 http cache detect-libc@https://registry.npmjs.org/detect-libc/-/detect-libc-2.1.2.tgz 0ms (cache hit)
962 http cache es-errors@https://registry.npmjs.org/es-errors/-/es-errors-1.3.0.tgz 0ms (cache hit)
963 http cache pako@https://registry.npmjs.org/pako/-/pako-0.2.9.tgz 0ms (cache hit)
964 http cache type-fest@https://registry.npmjs.org/type-fest/-/type-fest-0.13.1.tgz 0ms (cache hit)
965 http cache object-keys@https://registry.npmjs.org/object-keys/-/object-keys-1.1.1.tgz 0ms (cache hit)
966 http cache has-property-descriptors@https://registry.npmjs.org/has-property-descriptors/-/has-property-descriptors-1.0.2.tgz 0ms (cache hit)
967 http cache es-define-property@https://registry.npmjs.org/es-define-property/-/es-define-property-1.0.1.tgz 0ms (cache hit)
968 http cache define-data-property@https://registry.npmjs.org/define-data-property/-/define-data-property-1.1.4.tgz 0ms (cache hit)
969 http cache sprintf-js@https://registry.npmjs.org/sprintf-js/-/sprintf-js-1.1.3.tgz 0ms (cache hit)
970 http cache gopd@https://registry.npmjs.org/gopd/-/gopd-1.2.0.tgz 0ms (cache hit)
971 http cache define-properties@https://registry.npmjs.org/define-properties/-/define-properties-1.2.1.tgz 0ms (cache hit)
972 http cache json-stringify-safe@https://registry.npmjs.org/json-stringify-safe/-/json-stringify-safe-5.0.1.tgz 0ms (cache hit)
973 http cache semver-compare@https://registry.npmjs.org/semver-compare/-/semver-compare-1.0.0.tgz 0ms (cache hit)
974 http cache globalthis@https://registry.npmjs.org/globalthis/-/globalthis-1.0.4.tgz 0ms (cache hit)
975 http cache detect-node@https://registry.npmjs.org/detect-node/-/detect-node-2.1.0.tgz 0ms (cache hit)
976 http cache zod@https://registry.npmjs.org/zod/-/zod-3.25.76.tgz 0ms (cache hit)
977 http cache typed-query-selector@https://registry.npmjs.org/typed-query-selector/-/typed-query-selector-2.12.2.tgz 0ms (cache hit)
978 http cache mitt@https://registry.npmjs.org/mitt/-/mitt-3.0.1.tgz 0ms (cache hit)
979 http cache @types/node@https://registry.npmjs.org/@types/node/-/node-26.1.1.tgz 0ms (cache hit)
980 http cache webdriver-bidi-protocol@https://registry.npmjs.org/webdriver-bidi-protocol/-/webdriver-bidi-protocol-0.4.2.tgz 0ms (cache hit)
981 http cache devtools-protocol@https://registry.npmjs.org/devtools-protocol/-/devtools-protocol-0.0.1638949.tgz 0ms (cache hit)
982 http cache chromium-bidi@https://registry.npmjs.org/chromium-bidi/-/chromium-bidi-16.0.1.tgz 0ms (cache hit)
983 http cache long@https://registry.npmjs.org/long/-/long-5.3.2.tgz 1ms (cache hit)
984 http cache undici-types@https://registry.npmjs.org/undici-types/-/undici-types-8.3.0.tgz 0ms (cache hit)
985 http cache @protobufjs/utf8@https://registry.npmjs.org/@protobufjs/utf8/-/utf8-1.1.2.tgz 0ms (cache hit)
986 http cache @protobufjs/fetch@https://registry.npmjs.org/@protobufjs/fetch/-/fetch-1.1.1.tgz 0ms (cache hit)
987 http cache @protobufjs/pool@https://registry.npmjs.org/@protobufjs/pool/-/pool-1.1.0.tgz 0ms (cache hit)
988 http cache @protobufjs/path@https://registry.npmjs.org/@protobufjs/path/-/path-1.1.2.tgz 0ms (cache hit)
989 http cache source-map-js@https://registry.npmjs.org/source-map-js/-/source-map-js-1.2.1.tgz 0ms (cache hit)
990 http cache picocolors@https://registry.npmjs.org/picocolors/-/picocolors-1.1.1.tgz 0ms (cache hit)
991 http cache @protobufjs/float@https://registry.npmjs.org/@protobufjs/float/-/float-1.0.2.tgz 0ms (cache hit)
992 http cache retry@https://registry.npmjs.org/retry/-/retry-0.13.1.tgz 0ms (cache hit)
993 http cache @protobufjs/eventemitter@https://registry.npmjs.org/@protobufjs/eventemitter/-/eventemitter-1.1.1.tgz 0ms (cache hit)
994 http cache @types/retry@https://registry.npmjs.org/@types/retry/-/retry-0.12.0.tgz 1ms (cache hit)
995 http cache @protobufjs/aspromise@https://registry.npmjs.org/@protobufjs/aspromise/-/aspromise-1.1.2.tgz 0ms (cache hit)
996 http cache @protobufjs/codegen@https://registry.npmjs.org/@protobufjs/codegen/-/codegen-2.0.5.tgz 1ms (cache hit)
997 http cache nanoid@https://registry.npmjs.org/nanoid/-/nanoid-3.3.16.tgz 0ms (cache hit)
998 http cache @protobufjs/base64@https://registry.npmjs.org/@protobufjs/base64/-/base64-1.1.2.tgz 0ms (cache hit)
999 http cache is-docker@https://registry.npmjs.org/is-docker/-/is-docker-3.0.0.tgz 0ms (cache hit)
1000 http cache default-browser-id@https://registry.npmjs.org/default-browser-id/-/default-browser-id-5.0.1.tgz 0ms (cache hit)
1001 http cache bundle-name@https://registry.npmjs.org/bundle-name/-/bundle-name-4.1.0.tgz 0ms (cache hit)
1002 http cache wsl-utils@https://registry.npmjs.org/wsl-utils/-/wsl-utils-0.1.0.tgz 0ms (cache hit)
1003 http cache run-applescript@https://registry.npmjs.org/run-applescript/-/run-applescript-7.1.0.tgz 0ms (cache hit)
1004 http cache is-inside-container@https://registry.npmjs.org/is-inside-container/-/is-inside-container-1.0.0.tgz 0ms (cache hit)
1005 http cache define-lazy-prop@https://registry.npmjs.org/define-lazy-prop/-/define-lazy-prop-3.0.0.tgz 0ms (cache hit)
1006 http cache serialize-error@https://registry.npmjs.org/serialize-error/-/serialize-error-7.0.1.tgz 0ms (cache hit)
1007 http cache default-browser@https://registry.npmjs.org/default-browser/-/default-browser-5.5.0.tgz 0ms (cache hit)
1008 http cache escape-string-regexp@https://registry.npmjs.org/escape-string-regexp/-/escape-string-regexp-4.0.0.tgz 0ms (cache hit)
1009 http cache es6-error@https://registry.npmjs.org/es6-error/-/es6-error-4.1.1.tgz 0ms (cache hit)
1010 http cache matcher@https://registry.npmjs.org/matcher/-/matcher-3.0.0.tgz 0ms (cache hit)
1011 http cache roarr@https://registry.npmjs.org/roarr/-/roarr-2.15.4.tgz 0ms (cache hit)
1012 http cache onnxruntime-common@https://registry.npmjs.org/onnxruntime-common/-/onnxruntime-common-1.23.2.tgz 0ms (cache hit)
1013 http cache semver@https://registry.npmjs.org/semver/-/semver-7.8.5.tgz 0ms (cache hit)
1014 http cache boolean@https://registry.npmjs.org/boolean/-/boolean-3.2.0.tgz 0ms (cache hit)
1015 http cache formdata-polyfill@https://registry.npmjs.org/formdata-polyfill/-/formdata-polyfill-4.0.10.tgz 0ms (cache hit)
1016 http cache web-streams-polyfill@https://registry.npmjs.org/web-streams-polyfill/-/web-streams-polyfill-3.3.3.tgz 0ms (cache hit)
1017 http cache global-agent@https://registry.npmjs.org/global-agent/-/global-agent-3.0.0.tgz 0ms (cache hit)
1018 http cache node-domexception@https://registry.npmjs.org/node-domexception/-/node-domexception-1.0.0.tgz 0ms (cache hit)
1019 http cache buffer-equal-constant-time@https://registry.npmjs.org/buffer-equal-constant-time/-/buffer-equal-constant-time-1.0.1.tgz 0ms (cache hit)
1020 http cache jwa@https://registry.npmjs.org/jwa/-/jwa-2.0.1.tgz 0ms (cache hit)
1021 http cache fetch-blob@https://registry.npmjs.org/fetch-blob/-/fetch-blob-3.2.0.tgz 0ms (cache hit)
1022 http cache data-uri-to-buffer@https://registry.npmjs.org/data-uri-to-buffer/-/data-uri-to-buffer-4.0.1.tgz 0ms (cache hit)
1023 http cache json-bigint@https://registry.npmjs.org/json-bigint/-/json-bigint-1.0.0.tgz 0ms (cache hit)
1024 http cache agent-base@https://registry.npmjs.org/agent-base/-/agent-base-7.1.4.tgz 0ms (cache hit)
1025 http cache bignumber.js@https://registry.npmjs.org/bignumber.js/-/bignumber.js-9.3.1.tgz 0ms (cache hit)
1026 http cache node-fetch@https://registry.npmjs.org/node-fetch/-/node-fetch-3.3.2.tgz 0ms (cache hit)
1027 http cache safe-buffer@https://registry.npmjs.org/safe-buffer/-/safe-buffer-5.2.1.tgz 0ms (cache hit)
1028 http cache https-proxy-agent@https://registry.npmjs.org/https-proxy-agent/-/https-proxy-agent-7.0.6.tgz 0ms (cache hit)
1029 http cache extend@https://registry.npmjs.org/extend/-/extend-3.0.2.tgz 0ms (cache hit)
1030 http cache jws@https://registry.npmjs.org/jws/-/jws-4.0.1.tgz 0ms (cache hit)
1031 http cache google-logging-utils@https://registry.npmjs.org/google-logging-utils/-/google-logging-utils-1.1.3.tgz 0ms (cache hit)
1032 http cache gaxios@https://registry.npmjs.org/gaxios/-/gaxios-7.2.0.tgz 0ms (cache hit)
1033 http cache gcp-metadata@https://registry.npmjs.org/gcp-metadata/-/gcp-metadata-8.1.2.tgz 0ms (cache hit)
1034 http cache ecdsa-sig-formatter@https://registry.npmjs.org/ecdsa-sig-formatter/-/ecdsa-sig-formatter-1.0.11.tgz 0ms (cache hit)
1035 http cache base64-js@https://registry.npmjs.org/base64-js/-/base64-js-1.5.1.tgz 0ms (cache hit)
1036 http cache tslib@https://registry.npmjs.org/tslib/-/tslib-2.8.1.tgz 0ms (cache hit)
1037 http cache unicode-trie@https://registry.npmjs.org/unicode-trie/-/unicode-trie-2.0.0.tgz 0ms (cache hit)
1038 http cache tiny-inflate@https://registry.npmjs.org/tiny-inflate/-/tiny-inflate-1.0.3.tgz 0ms (cache hit)
1039 http cache @swc/helpers@https://registry.npmjs.org/@swc/helpers/-/helpers-0.5.23.tgz 0ms (cache hit)
1040 http cache restructure@https://registry.npmjs.org/restructure/-/restructure-3.0.2.tgz 0ms (cache hit)
1041 http cache unicode-properties@https://registry.npmjs.org/unicode-properties/-/unicode-properties-1.4.1.tgz 0ms (cache hit)
1042 http cache @esbuild/win32-x64@https://registry.npmjs.org/@esbuild/win32-x64/-/win32-x64-0.25.12.tgz 0ms (cache hit)
1043 http cache clone@https://registry.npmjs.org/clone/-/clone-2.1.2.tgz 0ms (cache hit)
1044 http cache dfa@https://registry.npmjs.org/dfa/-/dfa-1.2.0.tgz 0ms (cache hit)
1045 http cache ms@https://registry.npmjs.org/ms/-/ms-2.1.3.tgz 0ms (cache hit)
1046 http cache fast-deep-equal@https://registry.npmjs.org/fast-deep-equal/-/fast-deep-equal-3.1.3.tgz 0ms (cache hit)
1047 http cache brotli@https://registry.npmjs.org/brotli/-/brotli-1.3.3.tgz 1ms (cache hit)
1048 http cache ws@https://registry.npmjs.org/ws/-/ws-8.21.1.tgz 0ms (cache hit)
1049 http cache protobufjs@https://registry.npmjs.org/protobufjs/-/protobufjs-7.6.5.tgz 0ms (cache hit)
1050 http cache modern-tar@https://registry.npmjs.org/modern-tar/-/modern-tar-0.7.7.tgz 0ms (cache hit)
1051 http cache yargs@https://registry.npmjs.org/yargs/-/yargs-18.0.0.tgz 0ms (cache hit)
1052 http cache p-retry@https://registry.npmjs.org/p-retry/-/p-retry-4.6.2.tgz 0ms (cache hit)
1053 http cache google-auth-library@https://registry.npmjs.org/google-auth-library/-/google-auth-library-10.9.0.tgz 0ms (cache hit)
1054 http cache puppeteer-core@https://registry.npmjs.org/puppeteer-core/-/puppeteer-core-25.3.0.tgz 0ms (cache hit)
1055 http cache postcss@https://registry.npmjs.org/postcss/-/postcss-8.5.22.tgz 1ms (cache hit)
1056 http cache prettier@https://registry.npmjs.org/prettier/-/prettier-3.9.6.tgz 0ms (cache hit)
1057 http cache sharp@https://registry.npmjs.org/sharp/-/sharp-0.34.5.tgz 0ms (cache hit)
1058 http cache onnxruntime-node@https://registry.npmjs.org/onnxruntime-node/-/onnxruntime-node-1.23.2.tgz 0ms (cache hit)
1059 http cache open@https://registry.npmjs.org/open/-/open-10.2.0.tgz 0ms (cache hit)
1060 http cache giget@https://registry.npmjs.org/giget/-/giget-3.3.0.tgz 1ms (cache hit)
1061 http cache ignore@https://registry.npmjs.org/ignore/-/ignore-5.3.2.tgz 0ms (cache hit)
1062 http cache fontkit@https://registry.npmjs.org/fontkit/-/fontkit-2.0.4.tgz 0ms (cache hit)
1063 http cache debug@https://registry.npmjs.org/debug/-/debug-4.4.3.tgz 0ms (cache hit)
1064 http cache @puppeteer/browsers@https://registry.npmjs.org/@puppeteer/browsers/-/browsers-3.0.6.tgz 0ms (cache hit)
1065 http cache esbuild@https://registry.npmjs.org/esbuild/-/esbuild-0.25.12.tgz 0ms (cache hit)
1066 http cache citty@https://registry.npmjs.org/citty/-/citty-0.2.2.tgz 0ms (cache hit)
1067 http cache @google/genai@https://registry.npmjs.org/@google/genai/-/genai-1.52.0.tgz 0ms (cache hit)
1068 http cache @hono/node-server@https://registry.npmjs.org/@hono/node-server/-/node-server-1.19.14.tgz 0ms (cache hit)
1069 http cache adm-zip@https://registry.npmjs.org/adm-zip/-/adm-zip-0.5.18.tgz 0ms (cache hit)
1070 http cache compare-versions@https://registry.npmjs.org/compare-versions/-/compare-versions-6.1.1.tgz 0ms (cache hit)
1071 http cache hono@https://registry.npmjs.org/hono/-/hono-4.12.31.tgz 0ms (cache hit)
1072 http cache hyperframes@https://registry.npmjs.org/hyperframes/-/hyperframes-0.7.68.tgz 0ms (cache hit)
1073 http fetch POST 200 https://registry.npmjs.org/-/npm/v1/security/advisories/bulk 4457ms
1074 silly audit report {
1074 silly audit report   '@hono/node-server': [
1074 silly audit report     {
1074 silly audit report       id: 1124006,
1074 silly audit report       url: 'https://github.com/advisories/GHSA-frvp-7c67-39w9',
1074 silly audit report       title: 'Node.js Adapter for Hono: Path traversal in `serve-static` on Windows via encoded backslash (`%5C`)',
1074 silly audit report       severity: 'moderate',
1074 silly audit report       vulnerable_versions: '<2.0.5',
1074 silly audit report       cwe: [Array],
1074 silly audit report       cvss: [Object]
1074 silly audit report     }
1074 silly audit report   ],
1074 silly audit report   'adm-zip': [
1074 silly audit report     {
1074 silly audit report       id: 1123686,
1074 silly audit report       url: 'https://github.com/advisories/GHSA-xcpc-8h2w-3j85',
1074 silly audit report       title: 'adm-zip: Crafted ZIP file triggers 4GB memory allocation',
1074 silly audit report       severity: 'high',
1074 silly audit report       vulnerable_versions: '<0.6.0',
1074 silly audit report       cwe: [Array],
1074 silly audit report       cvss: [Object]
1074 silly audit report     }
1074 silly audit report   ],
1074 silly audit report   sharp: [
1074 silly audit report     {
1074 silly audit report       id: 1124066,
1074 silly audit report       url: 'https://github.com/advisories/GHSA-f88m-g3jw-g9cj',
1074 silly audit report       title: 'sharp inherited vulnerabilities in libvips: CVE-2026-33327, CVE-2026-33328, CVE-2026-35590, CVE-2026-35591',
1074 silly audit report       severity: 'high',
1074 silly audit report       vulnerable_versions: '<0.35.0',
1074 silly audit report       cwe: [Array],
1074 silly audit report       cvss: [Object]
1074 silly audit report     }
1074 silly audit report   ]
1074 silly audit report }
1075 silly packumentCache corgi:https://registry.npmjs.org/@hono%2fnode-server cache-miss
1076 silly packumentCache corgi:https://registry.npmjs.org/adm-zip cache-miss
1077 silly packumentCache corgi:https://registry.npmjs.org/sharp cache-miss
1078 http fetch GET 200 https://registry.npmjs.org/adm-zip 332ms (cache revalidated)
1079 silly packumentCache corgi:https://registry.npmjs.org/adm-zip set size:39206 disposed:false
1080 http fetch GET 200 https://registry.npmjs.org/sharp 342ms (cache revalidated)
1081 silly packumentCache corgi:https://registry.npmjs.org/sharp set size:291503 disposed:false
1082 http fetch GET 200 https://registry.npmjs.org/@hono%2fnode-server 356ms (cache revalidated)
1083 silly packumentCache corgi:https://registry.npmjs.org/@hono%2fnode-server set size:97402 disposed:false
1084 silly packumentCache corgi:https://registry.npmjs.org/hyperframes cache-miss
1085 http cache https://registry.npmjs.org/hyperframes 118ms (cache hit)
1086 silly packumentCache corgi:https://registry.npmjs.org/hyperframes set size:490535 disposed:false
1087 silly packumentCache corgi:https://registry.npmjs.org/onnxruntime-node cache-miss
1088 warn deprecated boolean@3.2.0: Package no longer supported. Contact Support at https://www.npmjs.com/support for more info.
1089 http fetch GET 200 https://registry.npmjs.org/onnxruntime-node 395ms (cache revalidated)
1090 silly packumentCache corgi:https://registry.npmjs.org/onnxruntime-node set size:196651 disposed:false
1091 warn deprecated node-domexception@1.0.0: Use your platform's native DOMException instead
1092 info run @google/genai@1.52.0 preinstall node_modules/@google/genai echo 'preinstall: no-op'
1093 info run @google/genai@1.52.0 preinstall { code: 0, signal: null }
1094 info run sharp@0.34.5 install node_modules/sharp node install/check.js || npm run build
1095 info run sharp@0.34.5 install { code: 0, signal: null }
1096 info run esbuild@0.25.12 postinstall node_modules/esbuild node install.js
1097 info run onnxruntime-node@1.23.2 postinstall node_modules/onnxruntime-node node ./script/install
1098 info run protobufjs@7.6.5 postinstall node_modules/protobufjs node scripts/postinstall
1099 info run protobufjs@7.6.5 postinstall { code: 0, signal: null }
1100 info run esbuild@0.25.12 postinstall { code: 0, signal: null }
1101 info run onnxruntime-node@1.23.2 postinstall { code: 0, signal: null }
1102 verbose cwd D:\APPS(d)\KryinEphor\KryinEphor\videos\kryin-ephor-hyperframes
1103 verbose os Windows_NT 10.0.26200
1104 verbose node v24.13.0
1105 verbose npm  v11.6.2
1106 verbose exit 0
1107 info ok
