0 verbose cli C:\Program Files\nodejs\node.exe C:\Program Files\nodejs\node_modules\npm\bin\npm-cli.js
1 info using npm@11.6.2
2 info using node@v24.13.0
3 silly config load:file:C:\Program Files\nodejs\node_modules\npm\npmrc
4 silly config load:file:D:\APPS(d)\KryinEphor\KryinEphor\.npmrc
5 silly config load:file:C:\Users\Narco\.npmrc
6 silly config load:file:C:\Users\Narco\AppData\Roaming\npm\etc\npmrc
7 verbose title npm exec hyperframes skills update product-launch-video
8 verbose argv "exec" "--cache" ".\\.npm-cache" "--" "hyperframes" "skills" "update" "product-launch-video"
9 verbose logfile logs-max:10 dir:D:\APPS(d)\KryinEphor\KryinEphor\.npm-cache\_logs\2026-07-23T16_57_47_661Z-
10 verbose logfile D:\APPS(d)\KryinEphor\KryinEphor\.npm-cache\_logs\2026-07-23T16_57_47_661Z-debug-0.log
11 silly logfile done cleaning log files
12 silly packumentCache heap:4496293888 maxSize:1124073472 maxEntrySize:562036736
13 verbose shrinkwrap failed to load node_modules/.package-lock.json out of date, updated: node_modules
14 http fetch GET 200 https://registry.npmjs.org/npm 299ms
15 http fetch GET 200 https://registry.npmjs.org/hyperframes 176ms (cache miss)
16 silly packumentCache heap:4496293888 maxSize:1124073472 maxEntrySize:562036736
17 silly packumentCache heap:4496293888 maxSize:1124073472 maxEntrySize:562036736
18 warn exec The following package was not found and will be installed: hyperframes@0.7.68
19 silly idealTree buildDeps
20 silly fetch manifest hyperframes@0.7.68
21 silly packumentCache full:https://registry.npmjs.org/hyperframes cache-miss
22 http fetch GET 200 https://registry.npmjs.org/hyperframes 324ms (cache miss)
23 silly packumentCache full:https://registry.npmjs.org/hyperframes set size:undefined disposed:false
24 silly placeDep ROOT hyperframes@0.7.68 OK for:  want: 0.7.68
25 silly fetch manifest @hono/node-server@^1.8.0
26 silly packumentCache full:https://registry.npmjs.org/@hono%2fnode-server cache-miss
27 silly fetch manifest @puppeteer/browsers@^3.0.6
28 silly packumentCache full:https://registry.npmjs.org/@puppeteer%2fbrowsers cache-miss
29 silly fetch manifest adm-zip@^0.5.16
30 silly packumentCache full:https://registry.npmjs.org/adm-zip cache-miss
31 silly fetch manifest citty@^0.2.1
32 silly packumentCache full:https://registry.npmjs.org/citty cache-miss
33 silly fetch manifest compare-versions@^6.1.1
34 silly packumentCache full:https://registry.npmjs.org/compare-versions cache-miss
35 silly fetch manifest debug@^4.4.0
36 silly packumentCache full:https://registry.npmjs.org/debug cache-miss
37 silly fetch manifest esbuild@^0.25.12
38 silly packumentCache full:https://registry.npmjs.org/esbuild cache-miss
39 silly fetch manifest fontkit@^2.0.4
40 silly packumentCache full:https://registry.npmjs.org/fontkit cache-miss
41 silly fetch manifest giget@^3.2.0
42 silly packumentCache full:https://registry.npmjs.org/giget cache-miss
43 silly fetch manifest hono@^4.0.0
44 silly packumentCache full:https://registry.npmjs.org/hono cache-miss
45 silly fetch manifest ignore@^5.3.2
46 silly packumentCache full:https://registry.npmjs.org/ignore cache-miss
47 silly fetch manifest onnxruntime-node@1.23.2
48 silly packumentCache full:https://registry.npmjs.org/onnxruntime-node cache-miss
49 silly fetch manifest open@^10.0.0
50 silly packumentCache full:https://registry.npmjs.org/open cache-miss
51 silly fetch manifest postcss@^8.5.8
52 silly packumentCache full:https://registry.npmjs.org/postcss cache-miss
53 silly fetch manifest prettier@^3.8.1
54 silly packumentCache full:https://registry.npmjs.org/prettier cache-miss
55 http fetch GET 200 https://registry.npmjs.org/@puppeteer%2fbrowsers 87ms (cache miss)
56 silly packumentCache full:https://registry.npmjs.org/@puppeteer%2fbrowsers set size:undefined disposed:false
57 silly fetch manifest puppeteer-core@^25.2.1
58 silly packumentCache full:https://registry.npmjs.org/puppeteer-core cache-miss
59 http fetch GET 200 https://registry.npmjs.org/@hono%2fnode-server 92ms (cache miss)
60 silly packumentCache full:https://registry.npmjs.org/@hono%2fnode-server set size:undefined disposed:false
61 silly fetch manifest sharp@^0.34.5
62 silly packumentCache full:https://registry.npmjs.org/sharp cache-miss
63 http fetch GET 200 https://registry.npmjs.org/debug 111ms (cache miss)
64 silly packumentCache full:https://registry.npmjs.org/debug set size:undefined disposed:false
65 silly fetch manifest @google/genai@^1.50.1
66 silly packumentCache full:https://registry.npmjs.org/@google%2fgenai cache-miss
67 http fetch GET 200 https://registry.npmjs.org/giget 134ms (cache miss)
68 silly packumentCache full:https://registry.npmjs.org/giget set size:undefined disposed:false
69 http fetch GET 200 https://registry.npmjs.org/ignore 139ms (cache miss)
70 silly packumentCache full:https://registry.npmjs.org/ignore set size:undefined disposed:false
71 http fetch GET 200 https://registry.npmjs.org/open 143ms (cache miss)
72 silly packumentCache full:https://registry.npmjs.org/open set size:undefined disposed:false
73 http fetch GET 200 https://registry.npmjs.org/onnxruntime-node 148ms (cache miss)
74 silly packumentCache full:https://registry.npmjs.org/onnxruntime-node set size:undefined disposed:false
75 http fetch GET 200 https://registry.npmjs.org/prettier 172ms (cache miss)
76 silly packumentCache full:https://registry.npmjs.org/prettier set size:undefined disposed:false
77 http fetch GET 200 https://registry.npmjs.org/puppeteer-core 102ms (cache miss)
78 silly packumentCache full:https://registry.npmjs.org/puppeteer-core set size:undefined disposed:false
79 http fetch GET 200 https://registry.npmjs.org/postcss 198ms (cache miss)
80 silly packumentCache full:https://registry.npmjs.org/postcss set size:undefined disposed:false
81 http fetch GET 200 https://registry.npmjs.org/sharp 112ms (cache miss)
82 silly packumentCache full:https://registry.npmjs.org/sharp set size:undefined disposed:false
83 http fetch GET 200 https://registry.npmjs.org/esbuild 226ms (cache miss)
84 silly packumentCache full:https://registry.npmjs.org/esbuild set size:undefined disposed:false
85 http fetch GET 200 https://registry.npmjs.org/hono 250ms (cache miss)
86 silly packumentCache full:https://registry.npmjs.org/hono set size:undefined disposed:false
87 http fetch GET 200 https://registry.npmjs.org/fontkit 370ms (cache miss)
88 silly packumentCache full:https://registry.npmjs.org/fontkit set size:undefined disposed:false
89 http fetch GET 200 https://registry.npmjs.org/compare-versions 388ms (cache miss)
90 silly packumentCache full:https://registry.npmjs.org/compare-versions set size:undefined disposed:false
91 http fetch GET 200 https://registry.npmjs.org/@google%2fgenai 278ms (cache miss)
92 silly packumentCache full:https://registry.npmjs.org/@google%2fgenai set size:undefined disposed:false
93 http fetch GET 200 https://registry.npmjs.org/adm-zip 398ms (cache miss)
94 silly packumentCache full:https://registry.npmjs.org/adm-zip set size:undefined disposed:false
95 http fetch GET 200 https://registry.npmjs.org/citty 403ms (cache miss)
96 silly packumentCache full:https://registry.npmjs.org/citty set size:undefined disposed:false
97 silly fetch manifest proxy-agent@>=8.0.1
98 silly packumentCache full:https://registry.npmjs.org/proxy-agent cache-miss
99 http fetch GET 200 https://registry.npmjs.org/proxy-agent 40ms (cache miss)
100 silly packumentCache full:https://registry.npmjs.org/proxy-agent set size:undefined disposed:false
101 silly fetch manifest yauzl@^2.10.0 || ^3.4.0
102 silly packumentCache full:https://registry.npmjs.org/yauzl cache-miss
103 http fetch GET 200 https://registry.npmjs.org/yauzl 41ms (cache miss)
104 silly packumentCache full:https://registry.npmjs.org/yauzl set size:undefined disposed:false
105 silly fetch manifest @modelcontextprotocol/sdk@^1.25.2
106 silly packumentCache full:https://registry.npmjs.org/@modelcontextprotocol%2fsdk cache-miss
107 http fetch GET 200 https://registry.npmjs.org/@modelcontextprotocol%2fsdk 56ms (cache miss)
108 silly packumentCache full:https://registry.npmjs.org/@modelcontextprotocol%2fsdk set size:undefined disposed:false
109 silly fetch manifest @cfworker/json-schema@^4.1.1
110 silly packumentCache full:https://registry.npmjs.org/@cfworker%2fjson-schema cache-miss
111 http fetch GET 200 https://registry.npmjs.org/@cfworker%2fjson-schema 52ms (cache miss)
112 silly packumentCache full:https://registry.npmjs.org/@cfworker%2fjson-schema set size:undefined disposed:false
113 silly placeDep ROOT @google/genai@1.52.0 OK for: hyperframes@0.7.68 want: ^1.50.1
114 silly placeDep ROOT @hono/node-server@1.19.14 OK for: hyperframes@0.7.68 want: ^1.8.0
115 silly placeDep ROOT hono@4.12.31 OK for: @hono/node-server@1.19.14 want: ^4
116 silly placeDep ROOT @puppeteer/browsers@3.0.6 OK for: hyperframes@0.7.68 want: ^3.0.6
117 silly placeDep ROOT adm-zip@0.5.18 OK for: hyperframes@0.7.68 want: ^0.5.16
118 silly placeDep ROOT citty@0.2.2 OK for: hyperframes@0.7.68 want: ^0.2.1
119 silly placeDep ROOT compare-versions@6.1.1 OK for: hyperframes@0.7.68 want: ^6.1.1
120 silly placeDep ROOT debug@4.4.3 OK for: hyperframes@0.7.68 want: ^4.4.0
121 silly placeDep ROOT esbuild@0.25.12 OK for: hyperframes@0.7.68 want: ^0.25.12
122 silly placeDep ROOT fontkit@2.0.4 OK for: hyperframes@0.7.68 want: ^2.0.4
123 silly placeDep ROOT giget@3.3.0 OK for: hyperframes@0.7.68 want: ^3.2.0
124 silly placeDep ROOT ignore@5.3.2 OK for: hyperframes@0.7.68 want: ^5.3.2
125 silly placeDep ROOT onnxruntime-node@1.23.2 OK for: hyperframes@0.7.68 want: 1.23.2
126 silly placeDep ROOT open@10.2.0 OK for: hyperframes@0.7.68 want: ^10.0.0
127 silly placeDep ROOT postcss@8.5.22 OK for: hyperframes@0.7.68 want: ^8.5.8
128 silly placeDep ROOT prettier@3.9.6 OK for: hyperframes@0.7.68 want: ^3.8.1
129 silly placeDep ROOT puppeteer-core@25.3.0 OK for: hyperframes@0.7.68 want: ^25.2.1
130 silly placeDep ROOT sharp@0.34.5 OK for: hyperframes@0.7.68 want: ^0.34.5
131 silly fetch manifest ws@^8.18.0
132 silly packumentCache full:https://registry.npmjs.org/ws cache-miss
133 silly fetch manifest p-retry@^4.6.2
134 silly packumentCache full:https://registry.npmjs.org/p-retry cache-miss
135 silly fetch manifest protobufjs@^7.5.4
136 silly packumentCache full:https://registry.npmjs.org/protobufjs cache-miss
137 silly fetch manifest google-auth-library@^10.3.0
138 silly packumentCache full:https://registry.npmjs.org/google-auth-library cache-miss
139 silly fetch manifest modern-tar@^0.7.6
140 silly packumentCache full:https://registry.npmjs.org/modern-tar cache-miss
141 silly fetch manifest yargs@^18.0.0
142 silly packumentCache full:https://registry.npmjs.org/yargs cache-miss
143 silly fetch manifest ms@^2.1.3
144 silly packumentCache full:https://registry.npmjs.org/ms cache-miss
145 silly fetch manifest @esbuild/aix-ppc64@0.25.12
146 silly packumentCache full:https://registry.npmjs.org/@esbuild%2faix-ppc64 cache-miss
147 silly fetch manifest @esbuild/linux-arm@0.25.12
148 silly packumentCache full:https://registry.npmjs.org/@esbuild%2flinux-arm cache-miss
149 silly fetch manifest @esbuild/linux-x64@0.25.12
150 silly packumentCache full:https://registry.npmjs.org/@esbuild%2flinux-x64 cache-miss
151 silly fetch manifest @esbuild/sunos-x64@0.25.12
152 silly packumentCache full:https://registry.npmjs.org/@esbuild%2fsunos-x64 cache-miss
153 silly fetch manifest @esbuild/win32-x64@0.25.12
154 silly packumentCache full:https://registry.npmjs.org/@esbuild%2fwin32-x64 cache-miss
155 silly fetch manifest @esbuild/darwin-x64@0.25.12
156 silly packumentCache full:https://registry.npmjs.org/@esbuild%2fdarwin-x64 cache-miss
157 silly fetch manifest @esbuild/linux-ia32@0.25.12
158 silly packumentCache full:https://registry.npmjs.org/@esbuild%2flinux-ia32 cache-miss
159 silly fetch manifest @esbuild/netbsd-x64@0.25.12
160 silly packumentCache full:https://registry.npmjs.org/@esbuild%2fnetbsd-x64 cache-miss
161 http fetch GET 200 https://registry.npmjs.org/p-retry 53ms (cache miss)
162 silly packumentCache full:https://registry.npmjs.org/p-retry set size:undefined disposed:false
163 silly fetch manifest @esbuild/win32-ia32@0.25.12
164 silly packumentCache full:https://registry.npmjs.org/@esbuild%2fwin32-ia32 cache-miss
165 http fetch GET 200 https://registry.npmjs.org/modern-tar 54ms (cache miss)
166 silly packumentCache full:https://registry.npmjs.org/modern-tar set size:undefined disposed:false
167 silly fetch manifest @esbuild/android-arm@0.25.12
168 silly packumentCache full:https://registry.npmjs.org/@esbuild%2fandroid-arm cache-miss
169 http fetch GET 200 https://registry.npmjs.org/ms 63ms (cache miss)
170 silly packumentCache full:https://registry.npmjs.org/ms set size:undefined disposed:false
171 silly fetch manifest @esbuild/android-x64@0.25.12
172 silly packumentCache full:https://registry.npmjs.org/@esbuild%2fandroid-x64 cache-miss
173 http fetch GET 200 https://registry.npmjs.org/ws 79ms (cache miss)
174 silly packumentCache full:https://registry.npmjs.org/ws set size:undefined disposed:false
175 silly fetch manifest @esbuild/freebsd-x64@0.25.12
176 silly packumentCache full:https://registry.npmjs.org/@esbuild%2ffreebsd-x64 cache-miss
177 http fetch GET 200 https://registry.npmjs.org/@esbuild%2faix-ppc64 87ms (cache miss)
178 silly packumentCache full:https://registry.npmjs.org/@esbuild%2faix-ppc64 set size:undefined disposed:false
179 silly fetch manifest @esbuild/linux-arm64@0.25.12
180 silly packumentCache full:https://registry.npmjs.org/@esbuild%2flinux-arm64 cache-miss
181 http fetch GET 200 https://registry.npmjs.org/@esbuild%2fnetbsd-x64 92ms (cache miss)
182 silly packumentCache full:https://registry.npmjs.org/@esbuild%2fnetbsd-x64 set size:undefined disposed:false
183 silly fetch manifest @esbuild/linux-ppc64@0.25.12
184 silly packumentCache full:https://registry.npmjs.org/@esbuild%2flinux-ppc64 cache-miss
185 http fetch GET 200 https://registry.npmjs.org/@esbuild%2fwin32-x64 100ms (cache miss)
186 silly packumentCache full:https://registry.npmjs.org/@esbuild%2fwin32-x64 set size:undefined disposed:false
187 silly fetch manifest @esbuild/linux-s390x@0.25.12
188 silly packumentCache full:https://registry.npmjs.org/@esbuild%2flinux-s390x cache-miss
189 http fetch GET 200 https://registry.npmjs.org/@esbuild%2flinux-arm 103ms (cache miss)
190 silly packumentCache full:https://registry.npmjs.org/@esbuild%2flinux-arm set size:undefined disposed:false
191 silly fetch manifest @esbuild/openbsd-x64@0.25.12
192 silly packumentCache full:https://registry.npmjs.org/@esbuild%2fopenbsd-x64 cache-miss
193 http fetch GET 200 https://registry.npmjs.org/@esbuild%2fdarwin-x64 105ms (cache miss)
194 silly packumentCache full:https://registry.npmjs.org/@esbuild%2fdarwin-x64 set size:undefined disposed:false
195 silly fetch manifest @esbuild/win32-arm64@0.25.12
196 silly packumentCache full:https://registry.npmjs.org/@esbuild%2fwin32-arm64 cache-miss
197 http fetch GET 200 https://registry.npmjs.org/@esbuild%2flinux-ia32 111ms (cache miss)
198 silly packumentCache full:https://registry.npmjs.org/@esbuild%2flinux-ia32 set size:undefined disposed:false
199 silly fetch manifest @esbuild/darwin-arm64@0.25.12
200 silly packumentCache full:https://registry.npmjs.org/@esbuild%2fdarwin-arm64 cache-miss
201 http fetch GET 200 https://registry.npmjs.org/@esbuild%2flinux-x64 114ms (cache miss)
202 silly packumentCache full:https://registry.npmjs.org/@esbuild%2flinux-x64 set size:undefined disposed:false
203 silly fetch manifest @esbuild/netbsd-arm64@0.25.12
204 silly packumentCache full:https://registry.npmjs.org/@esbuild%2fnetbsd-arm64 cache-miss
205 http fetch GET 200 https://registry.npmjs.org/@esbuild%2fsunos-x64 116ms (cache miss)
206 silly packumentCache full:https://registry.npmjs.org/@esbuild%2fsunos-x64 set size:undefined disposed:false
207 silly fetch manifest @esbuild/android-arm64@0.25.12
208 silly packumentCache full:https://registry.npmjs.org/@esbuild%2fandroid-arm64 cache-miss
209 http fetch GET 200 https://registry.npmjs.org/yargs 120ms (cache miss)
210 silly packumentCache full:https://registry.npmjs.org/yargs set size:undefined disposed:false
211 silly fetch manifest @esbuild/freebsd-arm64@0.25.12
212 silly packumentCache full:https://registry.npmjs.org/@esbuild%2ffreebsd-arm64 cache-miss
213 http fetch GET 200 https://registry.npmjs.org/protobufjs 133ms (cache miss)
214 silly packumentCache full:https://registry.npmjs.org/protobufjs set size:undefined disposed:false
215 silly fetch manifest @esbuild/linux-loong64@0.25.12
216 silly packumentCache full:https://registry.npmjs.org/@esbuild%2flinux-loong64 cache-miss
217 http fetch GET 200 https://registry.npmjs.org/google-auth-library 143ms (cache miss)
218 silly packumentCache full:https://registry.npmjs.org/google-auth-library set size:undefined disposed:false
219 silly fetch manifest @esbuild/linux-riscv64@0.25.12
220 silly packumentCache full:https://registry.npmjs.org/@esbuild%2flinux-riscv64 cache-miss
221 http fetch GET 200 https://registry.npmjs.org/@esbuild%2fwin32-ia32 98ms (cache miss)
222 silly packumentCache full:https://registry.npmjs.org/@esbuild%2fwin32-ia32 set size:undefined disposed:false
223 silly fetch manifest @esbuild/openbsd-arm64@0.25.12
224 silly packumentCache full:https://registry.npmjs.org/@esbuild%2fopenbsd-arm64 cache-miss
225 http fetch GET 200 https://registry.npmjs.org/@esbuild%2fandroid-x64 93ms (cache miss)
226 silly packumentCache full:https://registry.npmjs.org/@esbuild%2fandroid-x64 set size:undefined disposed:false
227 silly fetch manifest @esbuild/linux-mips64el@0.25.12
228 silly packumentCache full:https://registry.npmjs.org/@esbuild%2flinux-mips64el cache-miss
229 http fetch GET 200 https://registry.npmjs.org/@esbuild%2flinux-arm64 73ms (cache miss)
230 silly packumentCache full:https://registry.npmjs.org/@esbuild%2flinux-arm64 set size:undefined disposed:false
231 silly fetch manifest @esbuild/openharmony-arm64@0.25.12
232 silly packumentCache full:https://registry.npmjs.org/@esbuild%2fopenharmony-arm64 cache-miss
233 http fetch GET 200 https://registry.npmjs.org/@esbuild%2ffreebsd-x64 85ms (cache miss)
234 silly packumentCache full:https://registry.npmjs.org/@esbuild%2ffreebsd-x64 set size:undefined disposed:false
235 silly fetch manifest @swc/helpers@^0.5.12
236 silly packumentCache full:https://registry.npmjs.org/@swc%2fhelpers cache-miss
237 http fetch GET 200 https://registry.npmjs.org/@esbuild%2flinux-ppc64 78ms (cache miss)
238 silly packumentCache full:https://registry.npmjs.org/@esbuild%2flinux-ppc64 set size:undefined disposed:false
239 silly fetch manifest brotli@^1.3.2
240 silly packumentCache full:https://registry.npmjs.org/brotli cache-miss
241 http fetch GET 200 https://registry.npmjs.org/@esbuild%2flinux-s390x 79ms (cache miss)
242 silly packumentCache full:https://registry.npmjs.org/@esbuild%2flinux-s390x set size:undefined disposed:false
243 silly fetch manifest clone@^2.1.2
244 silly packumentCache full:https://registry.npmjs.org/clone cache-miss
245 http fetch GET 200 https://registry.npmjs.org/@esbuild%2fnetbsd-arm64 68ms (cache miss)
246 silly packumentCache full:https://registry.npmjs.org/@esbuild%2fnetbsd-arm64 set size:undefined disposed:false
247 silly fetch manifest dfa@^1.2.0
248 silly packumentCache full:https://registry.npmjs.org/dfa cache-miss
249 http fetch GET 200 https://registry.npmjs.org/@esbuild%2fopenbsd-x64 82ms (cache miss)
250 silly packumentCache full:https://registry.npmjs.org/@esbuild%2fopenbsd-x64 set size:undefined disposed:false
251 silly fetch manifest fast-deep-equal@^3.1.3
252 silly packumentCache full:https://registry.npmjs.org/fast-deep-equal cache-miss
253 http fetch GET 200 https://registry.npmjs.org/@esbuild%2fwin32-arm64 83ms (cache miss)
254 silly packumentCache full:https://registry.npmjs.org/@esbuild%2fwin32-arm64 set size:undefined disposed:false
255 silly fetch manifest restructure@^3.0.0
256 silly packumentCache full:https://registry.npmjs.org/restructure cache-miss
257 http fetch GET 200 https://registry.npmjs.org/@esbuild%2fdarwin-arm64 81ms (cache miss)
258 silly packumentCache full:https://registry.npmjs.org/@esbuild%2fdarwin-arm64 set size:undefined disposed:false
259 silly fetch manifest tiny-inflate@^1.0.3
260 silly packumentCache full:https://registry.npmjs.org/tiny-inflate cache-miss
261 http fetch GET 200 https://registry.npmjs.org/@esbuild%2fandroid-arm64 78ms (cache miss)
262 silly packumentCache full:https://registry.npmjs.org/@esbuild%2fandroid-arm64 set size:undefined disposed:false
263 silly fetch manifest unicode-properties@^1.4.0
264 silly packumentCache full:https://registry.npmjs.org/unicode-properties cache-miss
265 http fetch GET 200 https://registry.npmjs.org/@esbuild%2ffreebsd-arm64 79ms (cache miss)
266 silly packumentCache full:https://registry.npmjs.org/@esbuild%2ffreebsd-arm64 set size:undefined disposed:false
267 silly fetch manifest unicode-trie@^2.0.0
268 silly packumentCache full:https://registry.npmjs.org/unicode-trie cache-miss
269 http fetch GET 200 https://registry.npmjs.org/@esbuild%2fopenbsd-arm64 54ms (cache miss)
270 silly packumentCache full:https://registry.npmjs.org/@esbuild%2fopenbsd-arm64 set size:undefined disposed:false
271 silly fetch manifest global-agent@^3.0.0
272 silly packumentCache full:https://registry.npmjs.org/global-agent cache-miss
273 http fetch GET 200 https://registry.npmjs.org/@esbuild%2fopenharmony-arm64 49ms (cache miss)
274 silly packumentCache full:https://registry.npmjs.org/@esbuild%2fopenharmony-arm64 set size:undefined disposed:false
275 silly fetch manifest onnxruntime-common@1.23.2
276 silly packumentCache full:https://registry.npmjs.org/onnxruntime-common cache-miss
277 http fetch GET 200 https://registry.npmjs.org/@esbuild%2flinux-riscv64 68ms (cache miss)
278 silly packumentCache full:https://registry.npmjs.org/@esbuild%2flinux-riscv64 set size:undefined disposed:false
279 silly fetch manifest wsl-utils@^0.1.0
280 silly packumentCache full:https://registry.npmjs.org/wsl-utils cache-miss
281 http fetch GET 200 https://registry.npmjs.org/@esbuild%2flinux-mips64el 61ms (cache miss)
282 silly packumentCache full:https://registry.npmjs.org/@esbuild%2flinux-mips64el set size:undefined disposed:false
283 silly fetch manifest default-browser@^5.2.1
284 silly packumentCache full:https://registry.npmjs.org/default-browser cache-miss
285 http fetch GET 200 https://registry.npmjs.org/@esbuild%2flinux-loong64 83ms (cache miss)
286 silly packumentCache full:https://registry.npmjs.org/@esbuild%2flinux-loong64 set size:undefined disposed:false
287 silly fetch manifest define-lazy-prop@^3.0.0
288 silly packumentCache full:https://registry.npmjs.org/define-lazy-prop cache-miss
289 http fetch GET 200 https://registry.npmjs.org/clone 45ms (cache miss)
290 silly packumentCache full:https://registry.npmjs.org/clone set size:undefined disposed:false
291 silly fetch manifest is-inside-container@^1.0.0
292 silly packumentCache full:https://registry.npmjs.org/is-inside-container cache-miss
293 http fetch GET 200 https://registry.npmjs.org/fast-deep-equal 44ms (cache miss)
294 silly packumentCache full:https://registry.npmjs.org/fast-deep-equal set size:undefined disposed:false
295 silly fetch manifest nanoid@^3.3.16
296 silly packumentCache full:https://registry.npmjs.org/nanoid cache-miss
297 http fetch GET 200 https://registry.npmjs.org/@swc%2fhelpers 69ms (cache miss)
298 silly packumentCache full:https://registry.npmjs.org/@swc%2fhelpers set size:undefined disposed:false
299 silly fetch manifest picocolors@^1.1.1
300 silly packumentCache full:https://registry.npmjs.org/picocolors cache-miss
301 http fetch GET 200 https://registry.npmjs.org/tiny-inflate 50ms (cache miss)
302 silly packumentCache full:https://registry.npmjs.org/tiny-inflate set size:undefined disposed:false
303 silly fetch manifest source-map-js@^1.2.1
304 silly packumentCache full:https://registry.npmjs.org/source-map-js cache-miss
305 http fetch GET 200 https://registry.npmjs.org/wsl-utils 41ms (cache miss)
306 silly packumentCache full:https://registry.npmjs.org/wsl-utils set size:undefined disposed:false
307 silly fetch manifest chromium-bidi@16.0.1
308 silly packumentCache full:https://registry.npmjs.org/chromium-bidi cache-miss
309 http fetch GET 200 https://registry.npmjs.org/define-lazy-prop 38ms (cache miss)
310 silly packumentCache full:https://registry.npmjs.org/define-lazy-prop set size:undefined disposed:false
311 silly fetch manifest devtools-protocol@0.0.1638949
312 silly packumentCache full:https://registry.npmjs.org/devtools-protocol cache-miss
313 http fetch GET 200 https://registry.npmjs.org/onnxruntime-common 50ms (cache miss)
314 silly packumentCache full:https://registry.npmjs.org/onnxruntime-common set size:undefined disposed:false
315 silly fetch manifest typed-query-selector@^2.12.2
316 silly packumentCache full:https://registry.npmjs.org/typed-query-selector cache-miss
317 http fetch GET 200 https://registry.npmjs.org/is-inside-container 38ms (cache miss)
318 silly packumentCache full:https://registry.npmjs.org/is-inside-container set size:undefined disposed:false
319 silly fetch manifest webdriver-bidi-protocol@0.4.2
320 silly packumentCache full:https://registry.npmjs.org/webdriver-bidi-protocol cache-miss
321 http fetch GET 200 https://registry.npmjs.org/default-browser 50ms (cache miss)
322 silly packumentCache full:https://registry.npmjs.org/default-browser set size:undefined disposed:false
323 silly fetch manifest ws@^8.21.0
324 silly packumentCache full:https://registry.npmjs.org/ws cache-miss
325 http cache https://registry.npmjs.org/ws 10ms (cache hit)
326 silly packumentCache full:https://registry.npmjs.org/ws set size:426890 disposed:false
327 silly fetch manifest semver@^7.7.3
328 silly packumentCache full:https://registry.npmjs.org/semver cache-miss
329 http fetch GET 200 https://registry.npmjs.org/picocolors 43ms (cache miss)
330 silly packumentCache full:https://registry.npmjs.org/picocolors set size:undefined disposed:false
331 silly fetch manifest @img/colour@^1.0.0
332 silly packumentCache full:https://registry.npmjs.org/@img%2fcolour cache-miss
333 http fetch GET 200 https://registry.npmjs.org/source-map-js 47ms (cache miss)
334 silly packumentCache full:https://registry.npmjs.org/source-map-js set size:undefined disposed:false
335 silly fetch manifest detect-libc@^2.1.2
336 silly packumentCache full:https://registry.npmjs.org/detect-libc cache-miss
337 http fetch GET 200 https://registry.npmjs.org/nanoid 62ms (cache miss)
338 silly packumentCache full:https://registry.npmjs.org/nanoid set size:undefined disposed:false
339 silly fetch manifest @img/sharp-wasm32@0.34.5
340 silly packumentCache full:https://registry.npmjs.org/@img%2fsharp-wasm32 cache-miss
341 http fetch GET 200 https://registry.npmjs.org/webdriver-bidi-protocol 40ms (cache miss)
342 silly packumentCache full:https://registry.npmjs.org/webdriver-bidi-protocol set size:undefined disposed:false
343 silly fetch manifest @img/sharp-linux-arm@0.34.5
344 silly packumentCache full:https://registry.npmjs.org/@img%2fsharp-linux-arm cache-miss
345 http fetch GET 200 https://registry.npmjs.org/typed-query-selector 46ms (cache miss)
346 silly packumentCache full:https://registry.npmjs.org/typed-query-selector set size:undefined disposed:false
347 silly fetch manifest @img/sharp-linux-x64@0.34.5
348 silly packumentCache full:https://registry.npmjs.org/@img%2fsharp-linux-x64 cache-miss
349 http fetch GET 200 https://registry.npmjs.org/chromium-bidi 59ms (cache miss)
350 silly packumentCache full:https://registry.npmjs.org/chromium-bidi set size:undefined disposed:false
351 silly fetch manifest @img/sharp-win32-x64@0.34.5
352 silly packumentCache full:https://registry.npmjs.org/@img%2fsharp-win32-x64 cache-miss
353 http fetch GET 200 https://registry.npmjs.org/detect-libc 42ms (cache miss)
354 silly packumentCache full:https://registry.npmjs.org/detect-libc set size:undefined disposed:false
355 silly fetch manifest @img/sharp-darwin-x64@0.34.5
356 silly packumentCache full:https://registry.npmjs.org/@img%2fsharp-darwin-x64 cache-miss
357 http fetch GET 200 https://registry.npmjs.org/@img%2fcolour 52ms (cache miss)
358 silly packumentCache full:https://registry.npmjs.org/@img%2fcolour set size:undefined disposed:false
359 silly fetch manifest @img/sharp-win32-ia32@0.34.5
360 silly packumentCache full:https://registry.npmjs.org/@img%2fsharp-win32-ia32 cache-miss
361 http fetch GET 200 https://registry.npmjs.org/semver 56ms (cache miss)
362 silly packumentCache full:https://registry.npmjs.org/semver set size:undefined disposed:false
363 silly fetch manifest @img/sharp-linux-arm64@0.34.5
364 silly packumentCache full:https://registry.npmjs.org/@img%2fsharp-linux-arm64 cache-miss
365 http fetch GET 200 https://registry.npmjs.org/@img%2fsharp-wasm32 62ms (cache miss)
366 silly packumentCache full:https://registry.npmjs.org/@img%2fsharp-wasm32 set size:undefined disposed:false
367 silly fetch manifest @img/sharp-linux-ppc64@0.34.5
368 silly packumentCache full:https://registry.npmjs.org/@img%2fsharp-linux-ppc64 cache-miss
369 http fetch GET 200 https://registry.npmjs.org/@img%2fsharp-linux-arm 55ms (cache miss)
370 silly packumentCache full:https://registry.npmjs.org/@img%2fsharp-linux-arm set size:undefined disposed:false
371 silly fetch manifest @img/sharp-linux-s390x@0.34.5
372 silly packumentCache full:https://registry.npmjs.org/@img%2fsharp-linux-s390x cache-miss
373 http fetch GET 200 https://registry.npmjs.org/@img%2fsharp-linux-x64 57ms (cache miss)
374 silly packumentCache full:https://registry.npmjs.org/@img%2fsharp-linux-x64 set size:undefined disposed:false
375 silly fetch manifest @img/sharp-win32-arm64@0.34.5
376 silly packumentCache full:https://registry.npmjs.org/@img%2fsharp-win32-arm64 cache-miss
377 http fetch GET 200 https://registry.npmjs.org/@esbuild%2fandroid-arm 318ms (cache miss)
378 silly packumentCache full:https://registry.npmjs.org/@esbuild%2fandroid-arm set size:undefined disposed:false
379 silly fetch manifest @img/sharp-darwin-arm64@0.34.5
380 silly packumentCache full:https://registry.npmjs.org/@img%2fsharp-darwin-arm64 cache-miss
381 http fetch GET 200 https://registry.npmjs.org/@img%2fsharp-win32-x64 61ms (cache miss)
382 silly packumentCache full:https://registry.npmjs.org/@img%2fsharp-win32-x64 set size:undefined disposed:false
383 silly fetch manifest @img/sharp-linux-riscv64@0.34.5
384 silly packumentCache full:https://registry.npmjs.org/@img%2fsharp-linux-riscv64 cache-miss
385 http fetch GET 200 https://registry.npmjs.org/devtools-protocol 131ms (cache miss)
386 silly packumentCache full:https://registry.npmjs.org/devtools-protocol set size:undefined disposed:false
387 silly fetch manifest @img/sharp-linuxmusl-x64@0.34.5
388 silly packumentCache full:https://registry.npmjs.org/@img%2fsharp-linuxmusl-x64 cache-miss
389 http fetch GET 200 https://registry.npmjs.org/@img%2fsharp-win32-ia32 75ms (cache miss)
390 silly packumentCache full:https://registry.npmjs.org/@img%2fsharp-win32-ia32 set size:undefined disposed:false
391 silly fetch manifest @img/sharp-linuxmusl-arm64@0.34.5
392 silly packumentCache full:https://registry.npmjs.org/@img%2fsharp-linuxmusl-arm64 cache-miss
393 http fetch GET 200 https://registry.npmjs.org/@img%2fsharp-linux-arm64 75ms (cache miss)
394 silly packumentCache full:https://registry.npmjs.org/@img%2fsharp-linux-arm64 set size:undefined disposed:false
395 silly fetch manifest @img/sharp-libvips-linux-arm@1.2.4
396 silly packumentCache full:https://registry.npmjs.org/@img%2fsharp-libvips-linux-arm cache-miss
397 http fetch GET 200 https://registry.npmjs.org/@img%2fsharp-win32-arm64 55ms (cache miss)
398 silly packumentCache full:https://registry.npmjs.org/@img%2fsharp-win32-arm64 set size:undefined disposed:false
399 silly fetch manifest @img/sharp-libvips-linux-x64@1.2.4
400 silly packumentCache full:https://registry.npmjs.org/@img%2fsharp-libvips-linux-x64 cache-miss
401 http fetch GET 200 https://registry.npmjs.org/@img%2fsharp-linux-s390x 63ms (cache miss)
402 silly packumentCache full:https://registry.npmjs.org/@img%2fsharp-linux-s390x set size:undefined disposed:false
403 silly fetch manifest @img/sharp-libvips-darwin-x64@1.2.4
404 silly packumentCache full:https://registry.npmjs.org/@img%2fsharp-libvips-darwin-x64 cache-miss
405 http fetch GET 200 https://registry.npmjs.org/@img%2fsharp-linux-ppc64 68ms (cache miss)
406 silly packumentCache full:https://registry.npmjs.org/@img%2fsharp-linux-ppc64 set size:undefined disposed:false
407 silly fetch manifest @img/sharp-libvips-linux-arm64@1.2.4
408 silly packumentCache full:https://registry.npmjs.org/@img%2fsharp-libvips-linux-arm64 cache-miss
409 http fetch GET 200 https://registry.npmjs.org/@img%2fsharp-darwin-x64 94ms (cache miss)
410 silly packumentCache full:https://registry.npmjs.org/@img%2fsharp-darwin-x64 set size:undefined disposed:false
411 silly fetch manifest @img/sharp-libvips-linux-ppc64@1.2.4
412 silly packumentCache full:https://registry.npmjs.org/@img%2fsharp-libvips-linux-ppc64 cache-miss
413 http fetch GET 200 https://registry.npmjs.org/@img%2fsharp-linux-riscv64 47ms (cache miss)
414 silly packumentCache full:https://registry.npmjs.org/@img%2fsharp-linux-riscv64 set size:undefined disposed:false
415 silly fetch manifest @img/sharp-libvips-linux-s390x@1.2.4
416 silly packumentCache full:https://registry.npmjs.org/@img%2fsharp-libvips-linux-s390x cache-miss
417 http fetch GET 200 https://registry.npmjs.org/@img%2fsharp-darwin-arm64 60ms (cache miss)
418 silly packumentCache full:https://registry.npmjs.org/@img%2fsharp-darwin-arm64 set size:undefined disposed:false
419 silly fetch manifest @img/sharp-libvips-darwin-arm64@1.2.4
420 silly packumentCache full:https://registry.npmjs.org/@img%2fsharp-libvips-darwin-arm64 cache-miss
421 http fetch GET 200 https://registry.npmjs.org/@img%2fsharp-linuxmusl-x64 56ms (cache miss)
422 silly packumentCache full:https://registry.npmjs.org/@img%2fsharp-linuxmusl-x64 set size:undefined disposed:false
423 silly fetch manifest @img/sharp-libvips-linux-riscv64@1.2.4
424 silly packumentCache full:https://registry.npmjs.org/@img%2fsharp-libvips-linux-riscv64 cache-miss
425 http fetch GET 200 https://registry.npmjs.org/@img%2fsharp-linuxmusl-arm64 80ms (cache miss)
426 silly packumentCache full:https://registry.npmjs.org/@img%2fsharp-linuxmusl-arm64 set size:undefined disposed:false
427 silly fetch manifest @img/sharp-libvips-linuxmusl-x64@1.2.4
428 silly packumentCache full:https://registry.npmjs.org/@img%2fsharp-libvips-linuxmusl-x64 cache-miss
429 http fetch GET 200 https://registry.npmjs.org/@img%2fsharp-libvips-linux-arm 83ms (cache miss)
430 silly packumentCache full:https://registry.npmjs.org/@img%2fsharp-libvips-linux-arm set size:undefined disposed:false
431 silly fetch manifest @img/sharp-libvips-linuxmusl-arm64@1.2.4
432 silly packumentCache full:https://registry.npmjs.org/@img%2fsharp-libvips-linuxmusl-arm64 cache-miss
433 http fetch GET 200 https://registry.npmjs.org/@img%2fsharp-libvips-linux-s390x 71ms (cache miss)
434 silly packumentCache full:https://registry.npmjs.org/@img%2fsharp-libvips-linux-s390x set size:undefined disposed:false
435 http fetch GET 200 https://registry.npmjs.org/@img%2fsharp-libvips-darwin-x64 86ms (cache miss)
436 silly packumentCache full:https://registry.npmjs.org/@img%2fsharp-libvips-darwin-x64 set size:undefined disposed:false
437 http fetch GET 200 https://registry.npmjs.org/@img%2fsharp-libvips-linux-arm64 88ms (cache miss)
438 silly packumentCache full:https://registry.npmjs.org/@img%2fsharp-libvips-linux-arm64 set size:undefined disposed:false
439 http fetch GET 200 https://registry.npmjs.org/@img%2fsharp-libvips-darwin-arm64 83ms (cache miss)
440 silly packumentCache full:https://registry.npmjs.org/@img%2fsharp-libvips-darwin-arm64 set size:undefined disposed:false
441 http fetch GET 200 https://registry.npmjs.org/@img%2fsharp-libvips-linux-x64 95ms (cache miss)
442 silly packumentCache full:https://registry.npmjs.org/@img%2fsharp-libvips-linux-x64 set size:undefined disposed:false
443 http fetch GET 200 https://registry.npmjs.org/unicode-properties 324ms (cache miss)
444 silly packumentCache full:https://registry.npmjs.org/unicode-properties set size:undefined disposed:false
445 http fetch GET 200 https://registry.npmjs.org/brotli 347ms (cache miss)
446 silly packumentCache full:https://registry.npmjs.org/brotli set size:undefined disposed:false
447 http fetch GET 200 https://registry.npmjs.org/dfa 338ms (cache miss)
448 silly packumentCache full:https://registry.npmjs.org/dfa set size:undefined disposed:false
449 http fetch GET 200 https://registry.npmjs.org/@img%2fsharp-libvips-linux-ppc64 91ms (cache miss)
450 silly packumentCache full:https://registry.npmjs.org/@img%2fsharp-libvips-linux-ppc64 set size:undefined disposed:false
451 http fetch GET 200 https://registry.npmjs.org/restructure 338ms (cache miss)
452 silly packumentCache full:https://registry.npmjs.org/restructure set size:undefined disposed:false
453 http fetch GET 200 https://registry.npmjs.org/unicode-trie 324ms (cache miss)
454 silly packumentCache full:https://registry.npmjs.org/unicode-trie set size:undefined disposed:false
455 http fetch GET 200 https://registry.npmjs.org/@img%2fsharp-libvips-linux-riscv64 69ms (cache miss)
456 silly packumentCache full:https://registry.npmjs.org/@img%2fsharp-libvips-linux-riscv64 set size:undefined disposed:false
457 http fetch GET 200 https://registry.npmjs.org/global-agent 325ms (cache miss)
458 silly packumentCache full:https://registry.npmjs.org/global-agent set size:undefined disposed:false
459 http fetch GET 200 https://registry.npmjs.org/@img%2fsharp-libvips-linuxmusl-x64 44ms (cache miss)
460 silly packumentCache full:https://registry.npmjs.org/@img%2fsharp-libvips-linuxmusl-x64 set size:undefined disposed:false
461 http fetch GET 200 https://registry.npmjs.org/@img%2fsharp-libvips-linuxmusl-arm64 54ms (cache miss)
462 silly packumentCache full:https://registry.npmjs.org/@img%2fsharp-libvips-linuxmusl-arm64 set size:undefined disposed:false
463 silly fetch manifest bufferutil@^4.0.1
464 silly packumentCache full:https://registry.npmjs.org/bufferutil cache-miss
465 http fetch GET 200 https://registry.npmjs.org/bufferutil 34ms (cache miss)
466 silly packumentCache full:https://registry.npmjs.org/bufferutil set size:undefined disposed:false
467 silly fetch manifest utf-8-validate@>=5.0.2
468 silly packumentCache full:https://registry.npmjs.org/utf-8-validate cache-miss
469 http fetch GET 200 https://registry.npmjs.org/utf-8-validate 35ms (cache miss)
470 silly packumentCache full:https://registry.npmjs.org/utf-8-validate set size:undefined disposed:false
471 silly placeDep ROOT google-auth-library@10.9.0 OK for: @google/genai@1.52.0 want: ^10.3.0
472 silly placeDep ROOT p-retry@4.6.2 OK for: @google/genai@1.52.0 want: ^4.6.2
473 silly placeDep ROOT protobufjs@7.6.5 OK for: @google/genai@1.52.0 want: ^7.5.4
474 silly placeDep ROOT ws@8.21.1 OK for: @google/genai@1.52.0 want: ^8.18.0
475 silly fetch manifest base64-js@^1.3.0
476 silly packumentCache full:https://registry.npmjs.org/base64-js cache-miss
477 silly fetch manifest ecdsa-sig-formatter@^1.0.11
478 silly packumentCache full:https://registry.npmjs.org/ecdsa-sig-formatter cache-miss
479 silly fetch manifest gaxios@^7.1.4
480 silly packumentCache full:https://registry.npmjs.org/gaxios cache-miss
481 silly fetch manifest gcp-metadata@8.1.2
482 silly packumentCache full:https://registry.npmjs.org/gcp-metadata cache-miss
483 silly fetch manifest google-logging-utils@1.1.3
484 silly packumentCache full:https://registry.npmjs.org/google-logging-utils cache-miss
485 silly fetch manifest jws@^4.0.0
486 silly packumentCache full:https://registry.npmjs.org/jws cache-miss
487 silly fetch manifest retry@^0.13.1
488 silly packumentCache full:https://registry.npmjs.org/retry cache-miss
489 silly fetch manifest @types/retry@0.12.0
490 silly packumentCache full:https://registry.npmjs.org/@types%2fretry cache-miss
491 silly fetch manifest long@^5.3.2
492 silly packumentCache full:https://registry.npmjs.org/long cache-miss
493 silly fetch manifest @types/node@>=13.7.0
494 silly packumentCache full:https://registry.npmjs.org/@types%2fnode cache-miss
495 silly fetch manifest @protobufjs/path@^1.1.2
496 silly packumentCache full:https://registry.npmjs.org/@protobufjs%2fpath cache-miss
497 silly fetch manifest @protobufjs/pool@^1.1.0
498 silly packumentCache full:https://registry.npmjs.org/@protobufjs%2fpool cache-miss
499 silly fetch manifest @protobufjs/utf8@^1.1.1
500 silly packumentCache full:https://registry.npmjs.org/@protobufjs%2futf8 cache-miss
501 silly fetch manifest @protobufjs/fetch@^1.1.1
502 silly packumentCache full:https://registry.npmjs.org/@protobufjs%2ffetch cache-miss
503 silly fetch manifest @protobufjs/float@^1.0.2
504 silly packumentCache full:https://registry.npmjs.org/@protobufjs%2ffloat cache-miss
505 http fetch GET 200 https://registry.npmjs.org/ecdsa-sig-formatter 35ms (cache miss)
506 silly packumentCache full:https://registry.npmjs.org/ecdsa-sig-formatter set size:undefined disposed:false
507 silly fetch manifest @protobufjs/base64@^1.1.2
508 silly packumentCache full:https://registry.npmjs.org/@protobufjs%2fbase64 cache-miss
509 http fetch GET 200 https://registry.npmjs.org/base64-js 46ms (cache miss)
510 silly packumentCache full:https://registry.npmjs.org/base64-js set size:undefined disposed:false
511 silly fetch manifest @protobufjs/codegen@^2.0.5
512 silly packumentCache full:https://registry.npmjs.org/@protobufjs%2fcodegen cache-miss
513 http fetch GET 200 https://registry.npmjs.org/google-logging-utils 50ms (cache miss)
514 silly packumentCache full:https://registry.npmjs.org/google-logging-utils set size:undefined disposed:false
515 silly fetch manifest @protobufjs/aspromise@^1.1.2
516 silly packumentCache full:https://registry.npmjs.org/@protobufjs%2faspromise cache-miss
517 http fetch GET 200 https://registry.npmjs.org/jws 54ms (cache miss)
518 silly packumentCache full:https://registry.npmjs.org/jws set size:undefined disposed:false
519 silly fetch manifest @protobufjs/eventemitter@^1.1.1
520 silly packumentCache full:https://registry.npmjs.org/@protobufjs%2feventemitter cache-miss
521 http fetch GET 200 https://registry.npmjs.org/long 55ms (cache miss)
522 silly packumentCache full:https://registry.npmjs.org/long set size:undefined disposed:false
523 http fetch GET 200 https://registry.npmjs.org/retry 57ms (cache miss)
524 silly packumentCache full:https://registry.npmjs.org/retry set size:undefined disposed:false
525 http fetch GET 200 https://registry.npmjs.org/gaxios 61ms (cache miss)
526 silly packumentCache full:https://registry.npmjs.org/gaxios set size:undefined disposed:false
527 http fetch GET 200 https://registry.npmjs.org/@types%2fnode 231ms (cache miss)
528 silly packumentCache full:https://registry.npmjs.org/@types%2fnode set size:undefined disposed:false
529 http fetch GET 200 https://registry.npmjs.org/@protobufjs%2fpath 376ms (cache miss)
530 silly packumentCache full:https://registry.npmjs.org/@protobufjs%2fpath set size:undefined disposed:false
531 http fetch GET 200 https://registry.npmjs.org/@protobufjs%2ffloat 376ms (cache miss)
532 silly packumentCache full:https://registry.npmjs.org/@protobufjs%2ffloat set size:undefined disposed:false
533 http fetch GET 200 https://registry.npmjs.org/@protobufjs%2fcodegen 333ms (cache miss)
534 silly packumentCache full:https://registry.npmjs.org/@protobufjs%2fcodegen set size:undefined disposed:false
535 http fetch GET 200 https://registry.npmjs.org/@protobufjs%2feventemitter 326ms (cache miss)
536 silly packumentCache full:https://registry.npmjs.org/@protobufjs%2feventemitter set size:undefined disposed:false
537 http fetch GET 200 https://registry.npmjs.org/@protobufjs%2faspromise 331ms (cache miss)
538 silly packumentCache full:https://registry.npmjs.org/@protobufjs%2faspromise set size:undefined disposed:false
539 http fetch GET 200 https://registry.npmjs.org/@types%2fretry 382ms (cache miss)
540 silly packumentCache full:https://registry.npmjs.org/@types%2fretry set size:undefined disposed:false
541 http fetch GET 200 https://registry.npmjs.org/@protobufjs%2fpool 382ms (cache miss)
542 silly packumentCache full:https://registry.npmjs.org/@protobufjs%2fpool set size:undefined disposed:false
543 http fetch GET 200 https://registry.npmjs.org/@protobufjs%2ffetch 383ms (cache miss)
544 silly packumentCache full:https://registry.npmjs.org/@protobufjs%2ffetch set size:undefined disposed:false
545 http fetch GET 200 https://registry.npmjs.org/@protobufjs%2futf8 384ms (cache miss)
546 silly packumentCache full:https://registry.npmjs.org/@protobufjs%2futf8 set size:undefined disposed:false
547 http fetch GET 200 https://registry.npmjs.org/gcp-metadata 390ms (cache miss)
548 silly packumentCache full:https://registry.npmjs.org/gcp-metadata set size:undefined disposed:false
549 http fetch GET 200 https://registry.npmjs.org/@protobufjs%2fbase64 519ms (cache miss)
550 silly packumentCache full:https://registry.npmjs.org/@protobufjs%2fbase64 set size:undefined disposed:false
551 silly placeDep ROOT modern-tar@0.7.7 OK for: @puppeteer/browsers@3.0.6 want: ^0.7.6
552 silly placeDep ROOT yargs@18.0.0 OK for: @puppeteer/browsers@3.0.6 want: ^18.0.0
553 silly fetch manifest y18n@^5.0.5
554 silly packumentCache full:https://registry.npmjs.org/y18n cache-miss
555 silly fetch manifest cliui@^9.0.1
556 silly packumentCache full:https://registry.npmjs.org/cliui cache-miss
557 silly fetch manifest escalade@^3.1.1
558 silly packumentCache full:https://registry.npmjs.org/escalade cache-miss
559 silly fetch manifest string-width@^7.2.0
560 silly packumentCache full:https://registry.npmjs.org/string-width cache-miss
561 silly fetch manifest yargs-parser@^22.0.0
562 silly packumentCache full:https://registry.npmjs.org/yargs-parser cache-miss
563 silly fetch manifest get-caller-file@^2.0.5
564 silly packumentCache full:https://registry.npmjs.org/get-caller-file cache-miss
565 http fetch GET 200 https://registry.npmjs.org/get-caller-file 34ms (cache miss)
566 silly packumentCache full:https://registry.npmjs.org/get-caller-file set size:undefined disposed:false
567 http fetch GET 200 https://registry.npmjs.org/escalade 44ms (cache miss)
568 silly packumentCache full:https://registry.npmjs.org/escalade set size:undefined disposed:false
569 http fetch GET 200 https://registry.npmjs.org/cliui 47ms (cache miss)
570 silly packumentCache full:https://registry.npmjs.org/cliui set size:undefined disposed:false
571 http fetch GET 200 https://registry.npmjs.org/y18n 51ms (cache miss)
572 silly packumentCache full:https://registry.npmjs.org/y18n set size:undefined disposed:false
573 http fetch GET 200 https://registry.npmjs.org/string-width 51ms (cache miss)
574 silly packumentCache full:https://registry.npmjs.org/string-width set size:undefined disposed:false
575 http fetch GET 200 https://registry.npmjs.org/yargs-parser 51ms (cache miss)
576 silly packumentCache full:https://registry.npmjs.org/yargs-parser set size:undefined disposed:false
577 silly placeDep ROOT ms@2.1.3 OK for: debug@4.4.3 want: ^2.1.3
578 silly placeDep ROOT @esbuild/aix-ppc64@0.25.12 OK for: esbuild@0.25.12 want: 0.25.12
579 silly placeDep ROOT @esbuild/android-arm@0.25.12 OK for: esbuild@0.25.12 want: 0.25.12
580 silly placeDep ROOT @esbuild/android-arm64@0.25.12 OK for: esbuild@0.25.12 want: 0.25.12
581 silly placeDep ROOT @esbuild/android-x64@0.25.12 OK for: esbuild@0.25.12 want: 0.25.12
582 silly placeDep ROOT @esbuild/darwin-arm64@0.25.12 OK for: esbuild@0.25.12 want: 0.25.12
583 silly placeDep ROOT @esbuild/darwin-x64@0.25.12 OK for: esbuild@0.25.12 want: 0.25.12
584 silly placeDep ROOT @esbuild/freebsd-arm64@0.25.12 OK for: esbuild@0.25.12 want: 0.25.12
585 silly placeDep ROOT @esbuild/freebsd-x64@0.25.12 OK for: esbuild@0.25.12 want: 0.25.12
586 silly placeDep ROOT @esbuild/linux-arm@0.25.12 OK for: esbuild@0.25.12 want: 0.25.12
587 silly placeDep ROOT @esbuild/linux-arm64@0.25.12 OK for: esbuild@0.25.12 want: 0.25.12
588 silly placeDep ROOT @esbuild/linux-ia32@0.25.12 OK for: esbuild@0.25.12 want: 0.25.12
589 silly placeDep ROOT @esbuild/linux-loong64@0.25.12 OK for: esbuild@0.25.12 want: 0.25.12
590 silly placeDep ROOT @esbuild/linux-mips64el@0.25.12 OK for: esbuild@0.25.12 want: 0.25.12
591 silly placeDep ROOT @esbuild/linux-ppc64@0.25.12 OK for: esbuild@0.25.12 want: 0.25.12
592 silly placeDep ROOT @esbuild/linux-riscv64@0.25.12 OK for: esbuild@0.25.12 want: 0.25.12
593 silly placeDep ROOT @esbuild/linux-s390x@0.25.12 OK for: esbuild@0.25.12 want: 0.25.12
594 silly placeDep ROOT @esbuild/linux-x64@0.25.12 OK for: esbuild@0.25.12 want: 0.25.12
595 silly placeDep ROOT @esbuild/netbsd-arm64@0.25.12 OK for: esbuild@0.25.12 want: 0.25.12
596 silly placeDep ROOT @esbuild/netbsd-x64@0.25.12 OK for: esbuild@0.25.12 want: 0.25.12
597 silly placeDep ROOT @esbuild/openbsd-arm64@0.25.12 OK for: esbuild@0.25.12 want: 0.25.12
598 silly placeDep ROOT @esbuild/openbsd-x64@0.25.12 OK for: esbuild@0.25.12 want: 0.25.12
599 silly placeDep ROOT @esbuild/openharmony-arm64@0.25.12 OK for: esbuild@0.25.12 want: 0.25.12
600 silly placeDep ROOT @esbuild/sunos-x64@0.25.12 OK for: esbuild@0.25.12 want: 0.25.12
601 silly placeDep ROOT @esbuild/win32-arm64@0.25.12 OK for: esbuild@0.25.12 want: 0.25.12
602 silly placeDep ROOT @esbuild/win32-ia32@0.25.12 OK for: esbuild@0.25.12 want: 0.25.12
603 silly placeDep ROOT @esbuild/win32-x64@0.25.12 OK for: esbuild@0.25.12 want: 0.25.12
604 silly placeDep ROOT @swc/helpers@0.5.23 OK for: fontkit@2.0.4 want: ^0.5.12
605 silly placeDep ROOT brotli@1.3.3 OK for: fontkit@2.0.4 want: ^1.3.2
606 silly placeDep ROOT clone@2.1.2 OK for: fontkit@2.0.4 want: ^2.1.2
607 silly placeDep ROOT dfa@1.2.0 OK for: fontkit@2.0.4 want: ^1.2.0
608 silly placeDep ROOT fast-deep-equal@3.1.3 OK for: fontkit@2.0.4 want: ^3.1.3
609 silly placeDep ROOT restructure@3.0.2 OK for: fontkit@2.0.4 want: ^3.0.0
610 silly placeDep ROOT tiny-inflate@1.0.3 OK for: fontkit@2.0.4 want: ^1.0.3
611 silly placeDep ROOT unicode-properties@1.4.1 OK for: fontkit@2.0.4 want: ^1.4.0
612 silly placeDep ROOT unicode-trie@2.0.0 OK for: fontkit@2.0.4 want: ^2.0.0
613 silly fetch manifest tslib@^2.8.0
614 silly packumentCache full:https://registry.npmjs.org/tslib cache-miss
615 silly fetch manifest base64-js@^1.1.2
616 silly packumentCache full:https://registry.npmjs.org/base64-js cache-miss
617 silly fetch manifest pako@^0.2.5
618 silly packumentCache full:https://registry.npmjs.org/pako cache-miss
619 http cache https://registry.npmjs.org/base64-js 8ms (cache hit)
620 silly packumentCache full:https://registry.npmjs.org/base64-js set size:41270 disposed:false
621 http fetch GET 200 https://registry.npmjs.org/tslib 38ms (cache miss)
622 silly packumentCache full:https://registry.npmjs.org/tslib set size:undefined disposed:false
623 http fetch GET 200 https://registry.npmjs.org/pako 40ms (cache miss)
624 silly packumentCache full:https://registry.npmjs.org/pako set size:undefined disposed:false
625 silly placeDep ROOT tslib@2.8.1 OK for: @swc/helpers@0.5.23 want: ^2.8.0
626 silly placeDep ROOT base64-js@1.5.1 OK for: brotli@1.3.3 want: ^1.1.2
627 silly placeDep ROOT ecdsa-sig-formatter@1.0.11 OK for: google-auth-library@10.9.0 want: ^1.0.11
628 silly placeDep ROOT gaxios@7.2.0 OK for: google-auth-library@10.9.0 want: ^7.1.4
629 silly placeDep ROOT gcp-metadata@8.1.2 OK for: google-auth-library@10.9.0 want: 8.1.2
630 silly placeDep ROOT google-logging-utils@1.1.3 OK for: google-auth-library@10.9.0 want: 1.1.3
631 silly placeDep ROOT jws@4.0.1 OK for: google-auth-library@10.9.0 want: ^4.0.0
632 silly fetch manifest safe-buffer@^5.0.1
633 silly packumentCache full:https://registry.npmjs.org/safe-buffer cache-miss
634 silly fetch manifest extend@^3.0.2
635 silly packumentCache full:https://registry.npmjs.org/extend cache-miss
636 silly fetch manifest https-proxy-agent@^7.0.1
637 silly packumentCache full:https://registry.npmjs.org/https-proxy-agent cache-miss
638 silly fetch manifest node-fetch@^3.3.2
639 silly packumentCache full:https://registry.npmjs.org/node-fetch cache-miss
640 silly fetch manifest json-bigint@^1.0.0
641 silly packumentCache full:https://registry.npmjs.org/json-bigint cache-miss
642 silly fetch manifest google-logging-utils@^1.0.0
643 silly packumentCache full:https://registry.npmjs.org/google-logging-utils cache-miss
644 silly fetch manifest jwa@^2.0.1
645 silly packumentCache full:https://registry.npmjs.org/jwa cache-miss
646 silly fetch manifest safe-buffer@^5.0.1
647 silly packumentCache full:https://registry.npmjs.org/safe-buffer cache-miss
648 http cache https://registry.npmjs.org/google-logging-utils 9ms (cache hit)
649 silly packumentCache full:https://registry.npmjs.org/google-logging-utils set size:23839 disposed:false
650 http fetch GET 200 https://registry.npmjs.org/safe-buffer 43ms (cache miss)
651 silly packumentCache full:https://registry.npmjs.org/safe-buffer set size:undefined disposed:false
652 http fetch GET 200 https://registry.npmjs.org/json-bigint 44ms (cache miss)
653 silly packumentCache full:https://registry.npmjs.org/json-bigint set size:undefined disposed:false
654 http fetch GET 200 https://registry.npmjs.org/safe-buffer 47ms (cache miss)
655 silly packumentCache full:https://registry.npmjs.org/safe-buffer set size:undefined disposed:false
656 http fetch GET 200 https://registry.npmjs.org/extend 46ms (cache miss)
657 silly packumentCache full:https://registry.npmjs.org/extend set size:undefined disposed:false
658 http fetch GET 200 https://registry.npmjs.org/https-proxy-agent 48ms (cache miss)
659 silly packumentCache full:https://registry.npmjs.org/https-proxy-agent set size:undefined disposed:false
660 http fetch GET 200 https://registry.npmjs.org/node-fetch 73ms (cache miss)
661 silly packumentCache full:https://registry.npmjs.org/node-fetch set size:undefined disposed:false
662 http fetch GET 200 https://registry.npmjs.org/jwa 310ms (cache miss)
663 silly packumentCache full:https://registry.npmjs.org/jwa set size:undefined disposed:false
664 silly placeDep ROOT safe-buffer@5.2.1 OK for: ecdsa-sig-formatter@1.0.11 want: ^5.0.1
665 silly placeDep ROOT extend@3.0.2 OK for: gaxios@7.2.0 want: ^3.0.2
666 silly placeDep ROOT https-proxy-agent@7.0.6 OK for: gaxios@7.2.0 want: ^7.0.1
667 silly placeDep ROOT node-fetch@3.3.2 OK for: gaxios@7.2.0 want: ^3.3.2
668 silly fetch manifest agent-base@^7.1.2
669 silly packumentCache full:https://registry.npmjs.org/agent-base cache-miss
670 silly fetch manifest data-uri-to-buffer@^4.0.0
671 silly packumentCache full:https://registry.npmjs.org/data-uri-to-buffer cache-miss
672 silly fetch manifest fetch-blob@^3.1.4
673 silly packumentCache full:https://registry.npmjs.org/fetch-blob cache-miss
674 silly fetch manifest formdata-polyfill@^4.0.10
675 silly packumentCache full:https://registry.npmjs.org/formdata-polyfill cache-miss
676 http fetch GET 200 https://registry.npmjs.org/data-uri-to-buffer 44ms (cache miss)
677 silly packumentCache full:https://registry.npmjs.org/data-uri-to-buffer set size:undefined disposed:false
678 http fetch GET 200 https://registry.npmjs.org/agent-base 46ms (cache miss)
679 silly packumentCache full:https://registry.npmjs.org/agent-base set size:undefined disposed:false
680 http fetch GET 200 https://registry.npmjs.org/fetch-blob 47ms (cache miss)
681 silly packumentCache full:https://registry.npmjs.org/fetch-blob set size:undefined disposed:false
682 http fetch GET 200 https://registry.npmjs.org/formdata-polyfill 49ms (cache miss)
683 silly packumentCache full:https://registry.npmjs.org/formdata-polyfill set size:undefined disposed:false
684 silly placeDep ROOT json-bigint@1.0.0 OK for: gcp-metadata@8.1.2 want: ^1.0.0
685 silly fetch manifest bignumber.js@^9.0.0
686 silly packumentCache full:https://registry.npmjs.org/bignumber.js cache-miss
687 http fetch GET 200 https://registry.npmjs.org/bignumber.js 314ms (cache miss)
688 silly packumentCache full:https://registry.npmjs.org/bignumber.js set size:undefined disposed:false
689 silly placeDep ROOT agent-base@7.1.4 OK for: https-proxy-agent@7.0.6 want: ^7.1.2
690 silly placeDep ROOT bignumber.js@9.3.1 OK for: json-bigint@1.0.0 want: ^9.0.0
691 silly placeDep ROOT jwa@2.0.1 OK for: jws@4.0.1 want: ^2.0.1
692 silly fetch manifest buffer-equal-constant-time@^1.0.1
693 silly packumentCache full:https://registry.npmjs.org/buffer-equal-constant-time cache-miss
694 http fetch GET 200 https://registry.npmjs.org/buffer-equal-constant-time 43ms (cache miss)
695 silly packumentCache full:https://registry.npmjs.org/buffer-equal-constant-time set size:undefined disposed:false
696 silly placeDep ROOT buffer-equal-constant-time@1.0.1 OK for: jwa@2.0.1 want: ^1.0.1
697 silly placeDep ROOT data-uri-to-buffer@4.0.1 OK for: node-fetch@3.3.2 want: ^4.0.0
698 silly placeDep ROOT fetch-blob@3.2.0 OK for: node-fetch@3.3.2 want: ^3.1.4
699 silly placeDep ROOT formdata-polyfill@4.0.10 OK for: node-fetch@3.3.2 want: ^4.0.10
700 silly fetch manifest node-domexception@^1.0.0
701 silly packumentCache full:https://registry.npmjs.org/node-domexception cache-miss
702 silly fetch manifest web-streams-polyfill@^3.0.3
703 silly packumentCache full:https://registry.npmjs.org/web-streams-polyfill cache-miss
704 http fetch GET 200 https://registry.npmjs.org/node-domexception 33ms (cache miss)
705 silly packumentCache full:https://registry.npmjs.org/node-domexception set size:undefined disposed:false
706 http fetch GET 200 https://registry.npmjs.org/web-streams-polyfill 280ms (cache miss)
707 silly packumentCache full:https://registry.npmjs.org/web-streams-polyfill set size:undefined disposed:false
708 silly placeDep ROOT node-domexception@1.0.0 OK for: fetch-blob@3.2.0 want: ^1.0.0
709 silly placeDep ROOT web-streams-polyfill@3.3.3 OK for: fetch-blob@3.2.0 want: ^3.0.3
710 silly placeDep ROOT global-agent@3.0.0 OK for: onnxruntime-node@1.23.2 want: ^3.0.0
711 silly placeDep ROOT onnxruntime-common@1.23.2 OK for: onnxruntime-node@1.23.2 want: 1.23.2
712 silly fetch manifest roarr@^2.15.3
713 silly packumentCache full:https://registry.npmjs.org/roarr cache-miss
714 silly fetch manifest semver@^7.3.2
715 silly packumentCache full:https://registry.npmjs.org/semver cache-miss
716 silly fetch manifest boolean@^3.0.1
717 silly packumentCache full:https://registry.npmjs.org/boolean cache-miss
718 silly fetch manifest matcher@^3.0.0
719 silly packumentCache full:https://registry.npmjs.org/matcher cache-miss
720 silly fetch manifest es6-error@^4.1.1
721 silly packumentCache full:https://registry.npmjs.org/es6-error cache-miss
722 silly fetch manifest serialize-error@^7.0.1
723 silly packumentCache full:https://registry.npmjs.org/serialize-error cache-miss
724 http cache https://registry.npmjs.org/semver 9ms (cache hit)
725 silly packumentCache full:https://registry.npmjs.org/semver set size:246069 disposed:false
726 http fetch GET 200 https://registry.npmjs.org/matcher 39ms (cache miss)
727 silly packumentCache full:https://registry.npmjs.org/matcher set size:undefined disposed:false
728 http fetch GET 200 https://registry.npmjs.org/es6-error 39ms (cache miss)
729 silly packumentCache full:https://registry.npmjs.org/es6-error set size:undefined disposed:false
730 http fetch GET 200 https://registry.npmjs.org/serialize-error 47ms (cache miss)
731 silly packumentCache full:https://registry.npmjs.org/serialize-error set size:undefined disposed:false
732 http fetch GET 200 https://registry.npmjs.org/roarr 65ms (cache miss)
733 silly packumentCache full:https://registry.npmjs.org/roarr set size:undefined disposed:false
734 http fetch GET 200 https://registry.npmjs.org/boolean 310ms (cache miss)
735 silly packumentCache full:https://registry.npmjs.org/boolean set size:undefined disposed:false
736 silly placeDep ROOT boolean@3.2.0 OK for: global-agent@3.0.0 want: ^3.0.1
737 silly placeDep ROOT es6-error@4.1.1 OK for: global-agent@3.0.0 want: ^4.1.1
738 silly placeDep ROOT matcher@3.0.0 OK for: global-agent@3.0.0 want: ^3.0.0
739 silly placeDep ROOT roarr@2.15.4 OK for: global-agent@3.0.0 want: ^2.15.3
740 silly placeDep ROOT semver@7.8.5 OK for: global-agent@3.0.0 want: ^7.3.2
741 silly placeDep ROOT serialize-error@7.0.1 OK for: global-agent@3.0.0 want: ^7.0.1
742 silly fetch manifest escape-string-regexp@^4.0.0
743 silly packumentCache full:https://registry.npmjs.org/escape-string-regexp cache-miss
744 silly fetch manifest globalthis@^1.0.1
745 silly packumentCache full:https://registry.npmjs.org/globalthis cache-miss
746 silly fetch manifest sprintf-js@^1.1.2
747 silly packumentCache full:https://registry.npmjs.org/sprintf-js cache-miss
748 silly fetch manifest detect-node@^2.0.4
749 silly packumentCache full:https://registry.npmjs.org/detect-node cache-miss
750 silly fetch manifest semver-compare@^1.0.0
751 silly packumentCache full:https://registry.npmjs.org/semver-compare cache-miss
752 silly fetch manifest json-stringify-safe@^5.0.1
753 silly packumentCache full:https://registry.npmjs.org/json-stringify-safe cache-miss
754 silly fetch manifest type-fest@^0.13.1
755 silly packumentCache full:https://registry.npmjs.org/type-fest cache-miss
756 http fetch GET 200 https://registry.npmjs.org/detect-node 43ms (cache miss)
757 silly packumentCache full:https://registry.npmjs.org/detect-node set size:undefined disposed:false
758 http fetch GET 200 https://registry.npmjs.org/sprintf-js 44ms (cache miss)
759 silly packumentCache full:https://registry.npmjs.org/sprintf-js set size:undefined disposed:false
760 http fetch GET 200 https://registry.npmjs.org/globalthis 47ms (cache miss)
761 silly packumentCache full:https://registry.npmjs.org/globalthis set size:undefined disposed:false
762 http fetch GET 200 https://registry.npmjs.org/escape-string-regexp 48ms (cache miss)
763 silly packumentCache full:https://registry.npmjs.org/escape-string-regexp set size:undefined disposed:false
764 http fetch GET 200 https://registry.npmjs.org/json-stringify-safe 47ms (cache miss)
765 silly packumentCache full:https://registry.npmjs.org/json-stringify-safe set size:undefined disposed:false
766 http fetch GET 200 https://registry.npmjs.org/type-fest 76ms (cache miss)
767 silly packumentCache full:https://registry.npmjs.org/type-fest set size:undefined disposed:false
768 http fetch GET 200 https://registry.npmjs.org/semver-compare 347ms (cache miss)
769 silly packumentCache full:https://registry.npmjs.org/semver-compare set size:undefined disposed:false
770 silly placeDep ROOT escape-string-regexp@4.0.0 OK for: matcher@3.0.0 want: ^4.0.0
771 silly placeDep ROOT default-browser@5.5.0 OK for: open@10.2.0 want: ^5.2.1
772 silly placeDep ROOT define-lazy-prop@3.0.0 OK for: open@10.2.0 want: ^3.0.0
773 silly placeDep ROOT is-inside-container@1.0.0 OK for: open@10.2.0 want: ^1.0.0
774 silly placeDep ROOT wsl-utils@0.1.0 OK for: open@10.2.0 want: ^0.1.0
775 silly fetch manifest bundle-name@^4.1.0
776 silly packumentCache full:https://registry.npmjs.org/bundle-name cache-miss
777 silly fetch manifest default-browser-id@^5.0.0
778 silly packumentCache full:https://registry.npmjs.org/default-browser-id cache-miss
779 silly fetch manifest is-docker@^3.0.0
780 silly packumentCache full:https://registry.npmjs.org/is-docker cache-miss
781 silly fetch manifest is-wsl@^3.1.0
782 silly packumentCache full:https://registry.npmjs.org/is-wsl cache-miss
783 http fetch GET 200 https://registry.npmjs.org/default-browser-id 34ms (cache miss)
784 silly packumentCache full:https://registry.npmjs.org/default-browser-id set size:undefined disposed:false
785 http fetch GET 200 https://registry.npmjs.org/is-docker 37ms (cache miss)
786 silly packumentCache full:https://registry.npmjs.org/is-docker set size:undefined disposed:false
787 http fetch GET 200 https://registry.npmjs.org/is-wsl 38ms (cache miss)
788 silly packumentCache full:https://registry.npmjs.org/is-wsl set size:undefined disposed:false
789 http fetch GET 200 https://registry.npmjs.org/bundle-name 44ms (cache miss)
790 silly packumentCache full:https://registry.npmjs.org/bundle-name set size:undefined disposed:false
791 silly placeDep ROOT bundle-name@4.1.0 OK for: default-browser@5.5.0 want: ^4.1.0
792 silly placeDep ROOT default-browser-id@5.0.1 OK for: default-browser@5.5.0 want: ^5.0.0
793 silly fetch manifest run-applescript@^7.0.0
794 silly packumentCache full:https://registry.npmjs.org/run-applescript cache-miss
795 http fetch GET 200 https://registry.npmjs.org/run-applescript 39ms (cache miss)
796 silly packumentCache full:https://registry.npmjs.org/run-applescript set size:undefined disposed:false
797 silly placeDep ROOT run-applescript@7.1.0 OK for: bundle-name@4.1.0 want: ^7.0.0
798 silly placeDep ROOT is-docker@3.0.0 OK for: is-inside-container@1.0.0 want: ^3.0.0
799 silly placeDep ROOT @types/retry@0.12.0 OK for: p-retry@4.6.2 want: 0.12.0
800 silly placeDep ROOT retry@0.13.1 OK for: p-retry@4.6.2 want: ^0.13.1
801 silly placeDep ROOT nanoid@3.3.16 OK for: postcss@8.5.22 want: ^3.3.16
802 silly placeDep ROOT picocolors@1.1.1 OK for: postcss@8.5.22 want: ^1.1.1
803 silly placeDep ROOT source-map-js@1.2.1 OK for: postcss@8.5.22 want: ^1.2.1
804 silly placeDep ROOT @protobufjs/aspromise@1.1.2 OK for: protobufjs@7.6.5 want: ^1.1.2
805 silly placeDep ROOT @protobufjs/base64@1.1.2 OK for: protobufjs@7.6.5 want: ^1.1.2
806 silly placeDep ROOT @protobufjs/codegen@2.0.5 OK for: protobufjs@7.6.5 want: ^2.0.5
807 silly placeDep ROOT @protobufjs/eventemitter@1.1.1 OK for: protobufjs@7.6.5 want: ^1.1.1
808 silly placeDep ROOT @protobufjs/fetch@1.1.1 OK for: protobufjs@7.6.5 want: ^1.1.1
809 silly placeDep ROOT @protobufjs/float@1.0.2 OK for: protobufjs@7.6.5 want: ^1.0.2
810 silly placeDep ROOT @protobufjs/path@1.1.2 OK for: protobufjs@7.6.5 want: ^1.1.2
811 silly placeDep ROOT @protobufjs/pool@1.1.0 OK for: protobufjs@7.6.5 want: ^1.1.0
812 silly placeDep ROOT @protobufjs/utf8@1.1.2 OK for: protobufjs@7.6.5 want: ^1.1.1
813 silly placeDep ROOT @types/node@26.1.1 OK for: protobufjs@7.6.5 want: >=13.7.0
814 silly placeDep ROOT long@5.3.2 OK for: protobufjs@7.6.5 want: ^5.3.2
815 silly fetch manifest undici-types@~8.3.0
816 silly packumentCache full:https://registry.npmjs.org/undici-types cache-miss
817 http fetch GET 200 https://registry.npmjs.org/undici-types 47ms (cache miss)
818 silly packumentCache full:https://registry.npmjs.org/undici-types set size:undefined disposed:false
819 silly placeDep ROOT undici-types@8.3.0 OK for: @types/node@26.1.1 want: ~8.3.0
820 silly placeDep ROOT chromium-bidi@16.0.1 OK for: puppeteer-core@25.3.0 want: 16.0.1
821 silly placeDep ROOT devtools-protocol@0.0.1638949 OK for: chromium-bidi@16.0.1 want: *
822 silly placeDep ROOT typed-query-selector@2.12.2 OK for: puppeteer-core@25.3.0 want: ^2.12.2
823 silly placeDep ROOT webdriver-bidi-protocol@0.4.2 OK for: puppeteer-core@25.3.0 want: 0.4.2
824 silly fetch manifest zod@^3.24.1
825 silly packumentCache full:https://registry.npmjs.org/zod cache-miss
826 silly fetch manifest mitt@^3.0.1
827 silly packumentCache full:https://registry.npmjs.org/mitt cache-miss
828 http fetch GET 200 https://registry.npmjs.org/mitt 42ms (cache miss)
829 silly packumentCache full:https://registry.npmjs.org/mitt set size:undefined disposed:false
830 http fetch GET 200 https://registry.npmjs.org/zod 124ms (cache miss)
831 silly packumentCache full:https://registry.npmjs.org/zod set size:undefined disposed:false
832 silly placeDep ROOT mitt@3.0.1 OK for: chromium-bidi@16.0.1 want: ^3.0.1
833 silly placeDep ROOT zod@3.25.76 OK for: chromium-bidi@16.0.1 want: ^3.24.1
834 silly placeDep ROOT detect-node@2.1.0 OK for: roarr@2.15.4 want: ^2.0.4
835 silly placeDep ROOT globalthis@1.0.4 OK for: roarr@2.15.4 want: ^1.0.1
836 silly placeDep ROOT json-stringify-safe@5.0.1 OK for: roarr@2.15.4 want: ^5.0.1
837 silly placeDep ROOT semver-compare@1.0.0 OK for: roarr@2.15.4 want: ^1.0.0
838 silly placeDep ROOT sprintf-js@1.1.3 OK for: roarr@2.15.4 want: ^1.1.2
839 silly fetch manifest define-properties@^1.2.1
840 silly packumentCache full:https://registry.npmjs.org/define-properties cache-miss
841 silly fetch manifest gopd@^1.0.1
842 silly packumentCache full:https://registry.npmjs.org/gopd cache-miss
843 http fetch GET 200 https://registry.npmjs.org/gopd 40ms (cache miss)
844 silly packumentCache full:https://registry.npmjs.org/gopd set size:undefined disposed:false
845 http fetch GET 200 https://registry.npmjs.org/define-properties 311ms (cache miss)
846 silly packumentCache full:https://registry.npmjs.org/define-properties set size:undefined disposed:false
847 silly placeDep ROOT define-properties@1.2.1 OK for: globalthis@1.0.4 want: ^1.2.1
848 silly placeDep ROOT gopd@1.2.0 OK for: globalthis@1.0.4 want: ^1.0.1
849 silly fetch manifest define-data-property@^1.0.1
850 silly packumentCache full:https://registry.npmjs.org/define-data-property cache-miss
851 silly fetch manifest has-property-descriptors@^1.0.0
852 silly packumentCache full:https://registry.npmjs.org/has-property-descriptors cache-miss
853 silly fetch manifest object-keys@^1.1.1
854 silly packumentCache full:https://registry.npmjs.org/object-keys cache-miss
855 http fetch GET 200 https://registry.npmjs.org/define-data-property 33ms (cache miss)
856 silly packumentCache full:https://registry.npmjs.org/define-data-property set size:undefined disposed:false
857 http fetch GET 200 https://registry.npmjs.org/object-keys 41ms (cache miss)
858 silly packumentCache full:https://registry.npmjs.org/object-keys set size:undefined disposed:false
859 http fetch GET 200 https://registry.npmjs.org/has-property-descriptors 44ms (cache miss)
860 silly packumentCache full:https://registry.npmjs.org/has-property-descriptors set size:undefined disposed:false
861 silly placeDep ROOT define-data-property@1.1.4 OK for: define-properties@1.2.1 want: ^1.0.1
862 silly placeDep ROOT has-property-descriptors@1.0.2 OK for: define-properties@1.2.1 want: ^1.0.0
863 silly placeDep ROOT object-keys@1.1.1 OK for: define-properties@1.2.1 want: ^1.1.1
864 silly fetch manifest es-define-property@^1.0.0
865 silly packumentCache full:https://registry.npmjs.org/es-define-property cache-miss
866 silly fetch manifest es-errors@^1.3.0
867 silly packumentCache full:https://registry.npmjs.org/es-errors cache-miss
868 silly fetch manifest es-define-property@^1.0.0
869 silly packumentCache full:https://registry.npmjs.org/es-define-property cache-miss
870 http fetch GET 200 https://registry.npmjs.org/es-define-property 40ms (cache miss)
871 silly packumentCache full:https://registry.npmjs.org/es-define-property set size:undefined disposed:false
872 http fetch GET 200 https://registry.npmjs.org/es-define-property 42ms (cache miss)
873 silly packumentCache full:https://registry.npmjs.org/es-define-property set size:undefined disposed:false
874 http fetch GET 200 https://registry.npmjs.org/es-errors 44ms (cache miss)
875 silly packumentCache full:https://registry.npmjs.org/es-errors set size:undefined disposed:false
876 silly placeDep ROOT es-define-property@1.0.1 OK for: define-data-property@1.1.4 want: ^1.0.0
877 silly placeDep ROOT es-errors@1.3.0 OK for: define-data-property@1.1.4 want: ^1.3.0
878 silly placeDep ROOT type-fest@0.13.1 OK for: serialize-error@7.0.1 want: ^0.13.1
879 silly placeDep ROOT @img/colour@1.1.0 OK for: sharp@0.34.5 want: ^1.0.0
880 silly placeDep ROOT @img/sharp-darwin-arm64@0.34.5 OK for: sharp@0.34.5 want: 0.34.5
881 silly placeDep ROOT @img/sharp-darwin-x64@0.34.5 OK for: sharp@0.34.5 want: 0.34.5
882 silly placeDep ROOT @img/sharp-libvips-darwin-arm64@1.2.4 OK for: sharp@0.34.5 want: 1.2.4
883 silly placeDep ROOT @img/sharp-libvips-darwin-x64@1.2.4 OK for: sharp@0.34.5 want: 1.2.4
884 silly placeDep ROOT @img/sharp-libvips-linux-arm@1.2.4 OK for: sharp@0.34.5 want: 1.2.4
885 silly placeDep ROOT @img/sharp-libvips-linux-arm64@1.2.4 OK for: sharp@0.34.5 want: 1.2.4
886 silly placeDep ROOT @img/sharp-libvips-linux-ppc64@1.2.4 OK for: sharp@0.34.5 want: 1.2.4
887 silly placeDep ROOT @img/sharp-libvips-linux-riscv64@1.2.4 OK for: sharp@0.34.5 want: 1.2.4
888 silly placeDep ROOT @img/sharp-libvips-linux-s390x@1.2.4 OK for: sharp@0.34.5 want: 1.2.4
889 silly placeDep ROOT @img/sharp-libvips-linux-x64@1.2.4 OK for: sharp@0.34.5 want: 1.2.4
890 silly placeDep ROOT @img/sharp-libvips-linuxmusl-arm64@1.2.4 OK for: sharp@0.34.5 want: 1.2.4
891 silly placeDep ROOT @img/sharp-libvips-linuxmusl-x64@1.2.4 OK for: sharp@0.34.5 want: 1.2.4
892 silly placeDep ROOT @img/sharp-linux-arm@0.34.5 OK for: sharp@0.34.5 want: 0.34.5
893 silly placeDep ROOT @img/sharp-linux-arm64@0.34.5 OK for: sharp@0.34.5 want: 0.34.5
894 silly placeDep ROOT @img/sharp-linux-ppc64@0.34.5 OK for: sharp@0.34.5 want: 0.34.5
895 silly placeDep ROOT @img/sharp-linux-riscv64@0.34.5 OK for: sharp@0.34.5 want: 0.34.5
896 silly placeDep ROOT @img/sharp-linux-s390x@0.34.5 OK for: sharp@0.34.5 want: 0.34.5
897 silly placeDep ROOT @img/sharp-linux-x64@0.34.5 OK for: sharp@0.34.5 want: 0.34.5
898 silly placeDep ROOT @img/sharp-linuxmusl-arm64@0.34.5 OK for: sharp@0.34.5 want: 0.34.5
899 silly placeDep ROOT @img/sharp-linuxmusl-x64@0.34.5 OK for: sharp@0.34.5 want: 0.34.5
900 silly placeDep ROOT @img/sharp-wasm32@0.34.5 OK for: sharp@0.34.5 want: 0.34.5
901 silly placeDep ROOT @img/sharp-win32-arm64@0.34.5 OK for: sharp@0.34.5 want: 0.34.5
902 silly placeDep ROOT @img/sharp-win32-ia32@0.34.5 OK for: sharp@0.34.5 want: 0.34.5
903 silly placeDep ROOT @img/sharp-win32-x64@0.34.5 OK for: sharp@0.34.5 want: 0.34.5
904 silly placeDep ROOT detect-libc@2.1.2 OK for: sharp@0.34.5 want: ^2.1.2
905 silly fetch manifest @emnapi/runtime@^1.7.0
906 silly packumentCache full:https://registry.npmjs.org/@emnapi%2fruntime cache-miss
907 http fetch GET 200 https://registry.npmjs.org/@emnapi%2fruntime 334ms (cache miss)
908 silly packumentCache full:https://registry.npmjs.org/@emnapi%2fruntime set size:undefined disposed:false
909 silly placeDep ROOT @emnapi/runtime@1.11.2 OK for: @img/sharp-wasm32@0.34.5 want: ^1.7.0
910 silly placeDep ROOT pako@0.2.9 OK for: unicode-trie@2.0.0 want: ^0.2.5
911 silly placeDep ROOT is-wsl@3.1.1 OK for: wsl-utils@0.1.0 want: ^3.1.0
912 silly placeDep ROOT cliui@9.0.1 OK for: yargs@18.0.0 want: ^9.0.1
913 silly placeDep ROOT escalade@3.2.0 OK for: yargs@18.0.0 want: ^3.1.1
914 silly placeDep ROOT get-caller-file@2.0.5 OK for: yargs@18.0.0 want: ^2.0.5
915 silly placeDep ROOT string-width@7.2.0 OK for: yargs@18.0.0 want: ^7.2.0
916 silly placeDep ROOT y18n@5.0.8 OK for: yargs@18.0.0 want: ^5.0.5
917 silly placeDep ROOT yargs-parser@22.0.0 OK for: yargs@18.0.0 want: ^22.0.0
918 silly fetch manifest strip-ansi@^7.1.0
919 silly packumentCache full:https://registry.npmjs.org/strip-ansi cache-miss
920 silly fetch manifest wrap-ansi@^9.0.0
921 silly packumentCache full:https://registry.npmjs.org/wrap-ansi cache-miss
922 silly fetch manifest strip-ansi@^7.1.0
923 silly packumentCache full:https://registry.npmjs.org/strip-ansi cache-miss
924 silly fetch manifest emoji-regex@^10.3.0
925 silly packumentCache full:https://registry.npmjs.org/emoji-regex cache-miss
926 silly fetch manifest get-east-asian-width@^1.0.0
927 silly packumentCache full:https://registry.npmjs.org/get-east-asian-width cache-miss
928 http fetch GET 200 https://registry.npmjs.org/strip-ansi 48ms (cache miss)
929 silly packumentCache full:https://registry.npmjs.org/strip-ansi set size:undefined disposed:false
930 http fetch GET 200 https://registry.npmjs.org/strip-ansi 48ms (cache miss)
931 silly packumentCache full:https://registry.npmjs.org/strip-ansi set size:undefined disposed:false
932 http fetch GET 200 https://registry.npmjs.org/wrap-ansi 53ms (cache miss)
933 silly packumentCache full:https://registry.npmjs.org/wrap-ansi set size:undefined disposed:false
934 http fetch GET 200 https://registry.npmjs.org/emoji-regex 53ms (cache miss)
935 silly packumentCache full:https://registry.npmjs.org/emoji-regex set size:undefined disposed:false
936 http fetch GET 200 https://registry.npmjs.org/get-east-asian-width 56ms (cache miss)
937 silly packumentCache full:https://registry.npmjs.org/get-east-asian-width set size:undefined disposed:false
938 silly placeDep ROOT strip-ansi@7.2.0 OK for: cliui@9.0.1 want: ^7.1.0
939 silly placeDep ROOT wrap-ansi@9.0.2 OK for: cliui@9.0.1 want: ^9.0.0
940 silly fetch manifest ansi-regex@^6.2.2
941 silly packumentCache full:https://registry.npmjs.org/ansi-regex cache-miss
942 silly fetch manifest ansi-styles@^6.2.1
943 silly packumentCache full:https://registry.npmjs.org/ansi-styles cache-miss
944 http fetch GET 200 https://registry.npmjs.org/ansi-regex 41ms (cache miss)
945 silly packumentCache full:https://registry.npmjs.org/ansi-regex set size:undefined disposed:false
946 http fetch GET 200 https://registry.npmjs.org/ansi-styles 47ms (cache miss)
947 silly packumentCache full:https://registry.npmjs.org/ansi-styles set size:undefined disposed:false
948 silly placeDep ROOT emoji-regex@10.6.0 OK for: string-width@7.2.0 want: ^10.3.0
949 silly placeDep ROOT get-east-asian-width@1.6.0 OK for: string-width@7.2.0 want: ^1.0.0
950 silly placeDep ROOT ansi-regex@6.2.2 OK for: strip-ansi@7.2.0 want: ^6.2.2
951 silly placeDep ROOT ansi-styles@6.2.3 OK for: wrap-ansi@9.0.2 want: ^6.2.1
952 silly reify moves {}
953 silly audit bulk request {
953 silly audit   hyperframes: [ '0.7.68' ],
953 silly audit   '@google/genai': [ '1.52.0' ],
953 silly audit   '@hono/node-server': [ '1.19.14' ],
953 silly audit   hono: [ '4.12.31' ],
953 silly audit   '@puppeteer/browsers': [ '3.0.6' ],
953 silly audit   'adm-zip': [ '0.5.18' ],
953 silly audit   citty: [ '0.2.2' ],
953 silly audit   'compare-versions': [ '6.1.1' ],
953 silly audit   debug: [ '4.4.3' ],
953 silly audit   esbuild: [ '0.25.12' ],
953 silly audit   fontkit: [ '2.0.4' ],
953 silly audit   giget: [ '3.3.0' ],
953 silly audit   ignore: [ '5.3.2' ],
953 silly audit   'onnxruntime-node': [ '1.23.2' ],
953 silly audit   open: [ '10.2.0' ],
953 silly audit   postcss: [ '8.5.22' ],
953 silly audit   prettier: [ '3.9.6' ],
953 silly audit   'puppeteer-core': [ '25.3.0' ],
953 silly audit   sharp: [ '0.34.5' ],
953 silly audit   'google-auth-library': [ '10.9.0' ],
953 silly audit   'p-retry': [ '4.6.2' ],
953 silly audit   protobufjs: [ '7.6.5' ],
953 silly audit   ws: [ '8.21.1' ],
953 silly audit   'modern-tar': [ '0.7.7' ],
953 silly audit   yargs: [ '18.0.0' ],
953 silly audit   ms: [ '2.1.3' ],
953 silly audit   '@esbuild/aix-ppc64': [ '0.25.12' ],
953 silly audit   '@esbuild/android-arm': [ '0.25.12' ],
953 silly audit   '@esbuild/android-arm64': [ '0.25.12' ],
953 silly audit   '@esbuild/android-x64': [ '0.25.12' ],
953 silly audit   '@esbuild/darwin-arm64': [ '0.25.12' ],
953 silly audit   '@esbuild/darwin-x64': [ '0.25.12' ],
953 silly audit   '@esbuild/freebsd-arm64': [ '0.25.12' ],
953 silly audit   '@esbuild/freebsd-x64': [ '0.25.12' ],
953 silly audit   '@esbuild/linux-arm': [ '0.25.12' ],
953 silly audit   '@esbuild/linux-arm64': [ '0.25.12' ],
953 silly audit   '@esbuild/linux-ia32': [ '0.25.12' ],
953 silly audit   '@esbuild/linux-loong64': [ '0.25.12' ],
953 silly audit   '@esbuild/linux-mips64el': [ '0.25.12' ],
953 silly audit   '@esbuild/linux-ppc64': [ '0.25.12' ],
953 silly audit   '@esbuild/linux-riscv64': [ '0.25.12' ],
953 silly audit   '@esbuild/linux-s390x': [ '0.25.12' ],
953 silly audit   '@esbuild/linux-x64': [ '0.25.12' ],
953 silly audit   '@esbuild/netbsd-arm64': [ '0.25.12' ],
953 silly audit   '@esbuild/netbsd-x64': [ '0.25.12' ],
953 silly audit   '@esbuild/openbsd-arm64': [ '0.25.12' ],
953 silly audit   '@esbuild/openbsd-x64': [ '0.25.12' ],
953 silly audit   '@esbuild/openharmony-arm64': [ '0.25.12' ],
953 silly audit   '@esbuild/sunos-x64': [ '0.25.12' ],
953 silly audit   '@esbuild/win32-arm64': [ '0.25.12' ],
953 silly audit   '@esbuild/win32-ia32': [ '0.25.12' ],
953 silly audit   '@esbuild/win32-x64': [ '0.25.12' ],
953 silly audit   '@swc/helpers': [ '0.5.23' ],
953 silly audit   brotli: [ '1.3.3' ],
953 silly audit   clone: [ '2.1.2' ],
953 silly audit   dfa: [ '1.2.0' ],
953 silly audit   'fast-deep-equal': [ '3.1.3' ],
953 silly audit   restructure: [ '3.0.2' ],
953 silly audit   'tiny-inflate': [ '1.0.3' ],
953 silly audit   'unicode-properties': [ '1.4.1' ],
953 silly audit   'unicode-trie': [ '2.0.0' ],
953 silly audit   tslib: [ '2.8.1' ],
953 silly audit   'base64-js': [ '1.5.1' ],
953 silly audit   'ecdsa-sig-formatter': [ '1.0.11' ],
953 silly audit   gaxios: [ '7.2.0' ],
953 silly audit   'gcp-metadata': [ '8.1.2' ],
953 silly audit   'google-logging-utils': [ '1.1.3' ],
953 silly audit   jws: [ '4.0.1' ],
953 silly audit   'safe-buffer': [ '5.2.1' ],
953 silly audit   extend: [ '3.0.2' ],
953 silly audit   'https-proxy-agent': [ '7.0.6' ],
953 silly audit   'node-fetch': [ '3.3.2' ],
953 silly audit   'json-bigint': [ '1.0.0' ],
953 silly audit   'agent-base': [ '7.1.4' ],
953 silly audit   'bignumber.js': [ '9.3.1' ],
953 silly audit   jwa: [ '2.0.1' ],
953 silly audit   'buffer-equal-constant-time': [ '1.0.1' ],
953 silly audit   'data-uri-to-buffer': [ '4.0.1' ],
953 silly audit   'fetch-blob': [ '3.2.0' ],
953 silly audit   'formdata-polyfill': [ '4.0.10' ],
953 silly audit   'node-domexception': [ '1.0.0' ],
953 silly audit   'web-streams-polyfill': [ '3.3.3' ],
953 silly audit   'global-agent': [ '3.0.0' ],
953 silly audit   'onnxruntime-common': [ '1.23.2' ],
953 silly audit   boolean: [ '3.2.0' ],
953 silly audit   'es6-error': [ '4.1.1' ],
953 silly audit   matcher: [ '3.0.0' ],
953 silly audit   roarr: [ '2.15.4' ],
953 silly audit   semver: [ '7.8.5' ],
953 silly audit   'serialize-error': [ '7.0.1' ],
953 silly audit   'escape-string-regexp': [ '4.0.0' ],
953 silly audit   'default-browser': [ '5.5.0' ],
953 silly audit   'define-lazy-prop': [ '3.0.0' ],
953 silly audit   'is-inside-container': [ '1.0.0' ],
953 silly audit   'wsl-utils': [ '0.1.0' ],
953 silly audit   'bundle-name': [ '4.1.0' ],
953 silly audit   'default-browser-id': [ '5.0.1' ],
953 silly audit   'run-applescript': [ '7.1.0' ],
953 silly audit   'is-docker': [ '3.0.0' ],
953 silly audit   '@types/retry': [ '0.12.0' ],
953 silly audit   retry: [ '0.13.1' ],
953 silly audit   nanoid: [ '3.3.16' ],
953 silly audit   picocolors: [ '1.1.1' ],
953 silly audit   'source-map-js': [ '1.2.1' ],
953 silly audit   '@protobufjs/aspromise': [ '1.1.2' ],
953 silly audit   '@protobufjs/base64': [ '1.1.2' ],
953 silly audit   '@protobufjs/codegen': [ '2.0.5' ],
953 silly audit   '@protobufjs/eventemitter': [ '1.1.1' ],
953 silly audit   '@protobufjs/fetch': [ '1.1.1' ],
953 silly audit   '@protobufjs/float': [ '1.0.2' ],
953 silly audit   '@protobufjs/path': [ '1.1.2' ],
953 silly audit   '@protobufjs/pool': [ '1.1.0' ],
953 silly audit   '@protobufjs/utf8': [ '1.1.2' ],
953 silly audit   '@types/node': [ '26.1.1' ],
953 silly audit   long: [ '5.3.2' ],
953 silly audit   'undici-types': [ '8.3.0' ],
953 silly audit   'chromium-bidi': [ '16.0.1' ],
953 silly audit   'devtools-protocol': [ '0.0.1638949' ],
953 silly audit   'typed-query-selector': [ '2.12.2' ],
953 silly audit   'webdriver-bidi-protocol': [ '0.4.2' ],
953 silly audit   mitt: [ '3.0.1' ],
953 silly audit   zod: [ '3.25.76' ],
953 silly audit   'detect-node': [ '2.1.0' ],
953 silly audit   globalthis: [ '1.0.4' ],
953 silly audit   'json-stringify-safe': [ '5.0.1' ],
953 silly audit   'semver-compare': [ '1.0.0' ],
953 silly audit   'sprintf-js': [ '1.1.3' ],
953 silly audit   'define-properties': [ '1.2.1' ],
953 silly audit   gopd: [ '1.2.0' ],
953 silly audit   'define-data-property': [ '1.1.4' ],
953 silly audit   'has-property-descriptors': [ '1.0.2' ],
953 silly audit   'object-keys': [ '1.1.1' ],
953 silly audit   'es-define-property': [ '1.0.1' ],
953 silly audit   'es-errors': [ '1.3.0' ],
953 silly audit   'type-fest': [ '0.13.1' ],
953 silly audit   '@img/colour': [ '1.1.0' ],
953 silly audit   '@img/sharp-darwin-arm64': [ '0.34.5' ],
953 silly audit   '@img/sharp-darwin-x64': [ '0.34.5' ],
953 silly audit   '@img/sharp-libvips-darwin-arm64': [ '1.2.4' ],
953 silly audit   '@img/sharp-libvips-darwin-x64': [ '1.2.4' ],
953 silly audit   '@img/sharp-libvips-linux-arm': [ '1.2.4' ],
953 silly audit   '@img/sharp-libvips-linux-arm64': [ '1.2.4' ],
953 silly audit   '@img/sharp-libvips-linux-ppc64': [ '1.2.4' ],
953 silly audit   '@img/sharp-libvips-linux-riscv64': [ '1.2.4' ],
953 silly audit   '@img/sharp-libvips-linux-s390x': [ '1.2.4' ],
953 silly audit   '@img/sharp-libvips-linux-x64': [ '1.2.4' ],
953 silly audit   '@img/sharp-libvips-linuxmusl-arm64': [ '1.2.4' ],
953 silly audit   '@img/sharp-libvips-linuxmusl-x64': [ '1.2.4' ],
953 silly audit   '@img/sharp-linux-arm': [ '0.34.5' ],
953 silly audit   '@img/sharp-linux-arm64': [ '0.34.5' ],
953 silly audit   '@img/sharp-linux-ppc64': [ '0.34.5' ],
953 silly audit   '@img/sharp-linux-riscv64': [ '0.34.5' ],
953 silly audit   '@img/sharp-linux-s390x': [ '0.34.5' ],
953 silly audit   '@img/sharp-linux-x64': [ '0.34.5' ],
953 silly audit   '@img/sharp-linuxmusl-arm64': [ '0.34.5' ],
953 silly audit   '@img/sharp-linuxmusl-x64': [ '0.34.5' ],
953 silly audit   '@img/sharp-wasm32': [ '0.34.5' ],
953 silly audit   '@img/sharp-win32-arm64': [ '0.34.5' ],
953 silly audit   '@img/sharp-win32-ia32': [ '0.34.5' ],
953 silly audit   '@img/sharp-win32-x64': [ '0.34.5' ],
953 silly audit   'detect-libc': [ '2.1.2' ],
953 silly audit   '@emnapi/runtime': [ '1.11.2' ],
953 silly audit   pako: [ '0.2.9' ],
953 silly audit   'is-wsl': [ '3.1.1' ],
953 silly audit   cliui: [ '9.0.1' ],
953 silly audit   escalade: [ '3.2.0' ],
953 silly audit   'get-caller-file': [ '2.0.5' ],
953 silly audit   'string-width': [ '7.2.0' ],
953 silly audit   y18n: [ '5.0.8' ],
953 silly audit   'yargs-parser': [ '22.0.0' ],
953 silly audit   'strip-ansi': [ '7.2.0' ],
953 silly audit   'wrap-ansi': [ '9.0.2' ],
953 silly audit   'emoji-regex': [ '10.6.0' ],
953 silly audit   'get-east-asian-width': [ '1.6.0' ],
953 silly audit   'ansi-regex': [ '6.2.2' ],
953 silly audit   'ansi-styles': [ '6.2.3' ]
953 silly audit }
954 http cache ansi-styles@https://registry.npmjs.org/ansi-styles/-/ansi-styles-6.2.3.tgz 0ms (cache hit)
955 http cache ansi-regex@https://registry.npmjs.org/ansi-regex/-/ansi-regex-6.2.2.tgz 0ms (cache hit)
956 http cache get-east-asian-width@https://registry.npmjs.org/get-east-asian-width/-/get-east-asian-width-1.6.0.tgz 0ms (cache hit)
957 http cache emoji-regex@https://registry.npmjs.org/emoji-regex/-/emoji-regex-10.6.0.tgz 0ms (cache hit)
958 http cache strip-ansi@https://registry.npmjs.org/strip-ansi/-/strip-ansi-7.2.0.tgz 0ms (cache hit)
959 http cache wrap-ansi@https://registry.npmjs.org/wrap-ansi/-/wrap-ansi-9.0.2.tgz 1ms (cache hit)
960 http cache y18n@https://registry.npmjs.org/y18n/-/y18n-5.0.8.tgz 0ms (cache hit)
961 http cache yargs-parser@https://registry.npmjs.org/yargs-parser/-/yargs-parser-22.0.0.tgz 0ms (cache hit)
962 http cache string-width@https://registry.npmjs.org/string-width/-/string-width-7.2.0.tgz 0ms (cache hit)
963 http cache get-caller-file@https://registry.npmjs.org/get-caller-file/-/get-caller-file-2.0.5.tgz 0ms (cache hit)
964 http cache is-wsl@https://registry.npmjs.org/is-wsl/-/is-wsl-3.1.1.tgz 0ms (cache hit)
965 http cache escalade@https://registry.npmjs.org/escalade/-/escalade-3.2.0.tgz 0ms (cache hit)
966 http cache cliui@https://registry.npmjs.org/cliui/-/cliui-9.0.1.tgz 0ms (cache hit)
967 http cache detect-libc@https://registry.npmjs.org/detect-libc/-/detect-libc-2.1.2.tgz 0ms (cache hit)
968 http cache @img/sharp-win32-x64@https://registry.npmjs.org/@img/sharp-win32-x64/-/sharp-win32-x64-0.34.5.tgz 0ms (cache hit)
969 http cache @img/colour@https://registry.npmjs.org/@img/colour/-/colour-1.1.0.tgz 0ms (cache hit)
970 http cache pako@https://registry.npmjs.org/pako/-/pako-0.2.9.tgz 0ms (cache hit)
971 http cache type-fest@https://registry.npmjs.org/type-fest/-/type-fest-0.13.1.tgz 0ms (cache hit)
972 http cache es-errors@https://registry.npmjs.org/es-errors/-/es-errors-1.3.0.tgz 0ms (cache hit)
973 http cache es-define-property@https://registry.npmjs.org/es-define-property/-/es-define-property-1.0.1.tgz 0ms (cache hit)
974 http cache object-keys@https://registry.npmjs.org/object-keys/-/object-keys-1.1.1.tgz 0ms (cache hit)
975 http cache has-property-descriptors@https://registry.npmjs.org/has-property-descriptors/-/has-property-descriptors-1.0.2.tgz 0ms (cache hit)
976 http cache define-data-property@https://registry.npmjs.org/define-data-property/-/define-data-property-1.1.4.tgz 0ms (cache hit)
977 http cache gopd@https://registry.npmjs.org/gopd/-/gopd-1.2.0.tgz 0ms (cache hit)
978 http cache define-properties@https://registry.npmjs.org/define-properties/-/define-properties-1.2.1.tgz 0ms (cache hit)
979 http cache json-stringify-safe@https://registry.npmjs.org/json-stringify-safe/-/json-stringify-safe-5.0.1.tgz 0ms (cache hit)
980 http cache sprintf-js@https://registry.npmjs.org/sprintf-js/-/sprintf-js-1.1.3.tgz 0ms (cache hit)
981 http cache semver-compare@https://registry.npmjs.org/semver-compare/-/semver-compare-1.0.0.tgz 0ms (cache hit)
982 http cache globalthis@https://registry.npmjs.org/globalthis/-/globalthis-1.0.4.tgz 0ms (cache hit)
983 http cache zod@https://registry.npmjs.org/zod/-/zod-3.25.76.tgz 0ms (cache hit)
984 http cache mitt@https://registry.npmjs.org/mitt/-/mitt-3.0.1.tgz 0ms (cache hit)
985 http cache detect-node@https://registry.npmjs.org/detect-node/-/detect-node-2.1.0.tgz 0ms (cache hit)
986 http cache webdriver-bidi-protocol@https://registry.npmjs.org/webdriver-bidi-protocol/-/webdriver-bidi-protocol-0.4.2.tgz 0ms (cache hit)
987 http cache @types/node@https://registry.npmjs.org/@types/node/-/node-26.1.1.tgz 0ms (cache hit)
988 http cache typed-query-selector@https://registry.npmjs.org/typed-query-selector/-/typed-query-selector-2.12.2.tgz 0ms (cache hit)
989 http cache chromium-bidi@https://registry.npmjs.org/chromium-bidi/-/chromium-bidi-16.0.1.tgz 0ms (cache hit)
990 http cache long@https://registry.npmjs.org/long/-/long-5.3.2.tgz 0ms (cache hit)
991 http cache undici-types@https://registry.npmjs.org/undici-types/-/undici-types-8.3.0.tgz 0ms (cache hit)
992 http cache @protobufjs/utf8@https://registry.npmjs.org/@protobufjs/utf8/-/utf8-1.1.2.tgz 0ms (cache hit)
993 http cache devtools-protocol@https://registry.npmjs.org/devtools-protocol/-/devtools-protocol-0.0.1638949.tgz 0ms (cache hit)
994 http cache @protobufjs/pool@https://registry.npmjs.org/@protobufjs/pool/-/pool-1.1.0.tgz 0ms (cache hit)
995 http cache @protobufjs/path@https://registry.npmjs.org/@protobufjs/path/-/path-1.1.2.tgz 0ms (cache hit)
996 http cache @protobufjs/fetch@https://registry.npmjs.org/@protobufjs/fetch/-/fetch-1.1.1.tgz 0ms (cache hit)
997 http cache @protobufjs/float@https://registry.npmjs.org/@protobufjs/float/-/float-1.0.2.tgz 0ms (cache hit)
998 http cache @protobufjs/eventemitter@https://registry.npmjs.org/@protobufjs/eventemitter/-/eventemitter-1.1.1.tgz 0ms (cache hit)
999 http cache @types/retry@https://registry.npmjs.org/@types/retry/-/retry-0.12.0.tgz 0ms (cache hit)
1000 http cache @protobufjs/codegen@https://registry.npmjs.org/@protobufjs/codegen/-/codegen-2.0.5.tgz 0ms (cache hit)
1001 http cache @protobufjs/aspromise@https://registry.npmjs.org/@protobufjs/aspromise/-/aspromise-1.1.2.tgz 0ms (cache hit)
1002 http cache @protobufjs/base64@https://registry.npmjs.org/@protobufjs/base64/-/base64-1.1.2.tgz 0ms (cache hit)
1003 http cache picocolors@https://registry.npmjs.org/picocolors/-/picocolors-1.1.1.tgz 0ms (cache hit)
1004 http cache nanoid@https://registry.npmjs.org/nanoid/-/nanoid-3.3.16.tgz 0ms (cache hit)
1005 http cache is-docker@https://registry.npmjs.org/is-docker/-/is-docker-3.0.0.tgz 0ms (cache hit)
1006 http cache source-map-js@https://registry.npmjs.org/source-map-js/-/source-map-js-1.2.1.tgz 0ms (cache hit)
1007 http cache retry@https://registry.npmjs.org/retry/-/retry-0.13.1.tgz 0ms (cache hit)
1008 http cache run-applescript@https://registry.npmjs.org/run-applescript/-/run-applescript-7.1.0.tgz 0ms (cache hit)
1009 http cache default-browser-id@https://registry.npmjs.org/default-browser-id/-/default-browser-id-5.0.1.tgz 0ms (cache hit)
1010 http cache bundle-name@https://registry.npmjs.org/bundle-name/-/bundle-name-4.1.0.tgz 0ms (cache hit)
1011 http cache wsl-utils@https://registry.npmjs.org/wsl-utils/-/wsl-utils-0.1.0.tgz 0ms (cache hit)
1012 http cache define-lazy-prop@https://registry.npmjs.org/define-lazy-prop/-/define-lazy-prop-3.0.0.tgz 0ms (cache hit)
1013 http cache is-inside-container@https://registry.npmjs.org/is-inside-container/-/is-inside-container-1.0.0.tgz 0ms (cache hit)
1014 http cache escape-string-regexp@https://registry.npmjs.org/escape-string-regexp/-/escape-string-regexp-4.0.0.tgz 0ms (cache hit)
1015 http cache default-browser@https://registry.npmjs.org/default-browser/-/default-browser-5.5.0.tgz 0ms (cache hit)
1016 http cache semver@https://registry.npmjs.org/semver/-/semver-7.8.5.tgz 0ms (cache hit)
1017 http cache serialize-error@https://registry.npmjs.org/serialize-error/-/serialize-error-7.0.1.tgz 0ms (cache hit)
1018 http cache roarr@https://registry.npmjs.org/roarr/-/roarr-2.15.4.tgz 0ms (cache hit)
1019 http cache es6-error@https://registry.npmjs.org/es6-error/-/es6-error-4.1.1.tgz 0ms (cache hit)
1020 http cache matcher@https://registry.npmjs.org/matcher/-/matcher-3.0.0.tgz 0ms (cache hit)
1021 http cache onnxruntime-common@https://registry.npmjs.org/onnxruntime-common/-/onnxruntime-common-1.23.2.tgz 0ms (cache hit)
1022 http cache global-agent@https://registry.npmjs.org/global-agent/-/global-agent-3.0.0.tgz 0ms (cache hit)
1023 http cache web-streams-polyfill@https://registry.npmjs.org/web-streams-polyfill/-/web-streams-polyfill-3.3.3.tgz 0ms (cache hit)
1024 http cache node-domexception@https://registry.npmjs.org/node-domexception/-/node-domexception-1.0.0.tgz 0ms (cache hit)
1025 http cache fetch-blob@https://registry.npmjs.org/fetch-blob/-/fetch-blob-3.2.0.tgz 0ms (cache hit)
1026 http cache formdata-polyfill@https://registry.npmjs.org/formdata-polyfill/-/formdata-polyfill-4.0.10.tgz 0ms (cache hit)
1027 http cache boolean@https://registry.npmjs.org/boolean/-/boolean-3.2.0.tgz 0ms (cache hit)
1028 http cache buffer-equal-constant-time@https://registry.npmjs.org/buffer-equal-constant-time/-/buffer-equal-constant-time-1.0.1.tgz 0ms (cache hit)
1029 http cache data-uri-to-buffer@https://registry.npmjs.org/data-uri-to-buffer/-/data-uri-to-buffer-4.0.1.tgz 0ms (cache hit)
1030 http cache jwa@https://registry.npmjs.org/jwa/-/jwa-2.0.1.tgz 0ms (cache hit)
1031 http cache json-bigint@https://registry.npmjs.org/json-bigint/-/json-bigint-1.0.0.tgz 0ms (cache hit)
1032 http cache agent-base@https://registry.npmjs.org/agent-base/-/agent-base-7.1.4.tgz 0ms (cache hit)
1033 http cache bignumber.js@https://registry.npmjs.org/bignumber.js/-/bignumber.js-9.3.1.tgz 0ms (cache hit)
1034 http cache node-fetch@https://registry.npmjs.org/node-fetch/-/node-fetch-3.3.2.tgz 0ms (cache hit)
1035 http cache https-proxy-agent@https://registry.npmjs.org/https-proxy-agent/-/https-proxy-agent-7.0.6.tgz 0ms (cache hit)
1036 http cache extend@https://registry.npmjs.org/extend/-/extend-3.0.2.tgz 0ms (cache hit)
1037 http cache safe-buffer@https://registry.npmjs.org/safe-buffer/-/safe-buffer-5.2.1.tgz 0ms (cache hit)
1038 http cache jws@https://registry.npmjs.org/jws/-/jws-4.0.1.tgz 0ms (cache hit)
1039 http cache google-logging-utils@https://registry.npmjs.org/google-logging-utils/-/google-logging-utils-1.1.3.tgz 0ms (cache hit)
1040 http cache gaxios@https://registry.npmjs.org/gaxios/-/gaxios-7.2.0.tgz 0ms (cache hit)
1041 http cache ecdsa-sig-formatter@https://registry.npmjs.org/ecdsa-sig-formatter/-/ecdsa-sig-formatter-1.0.11.tgz 0ms (cache hit)
1042 http cache base64-js@https://registry.npmjs.org/base64-js/-/base64-js-1.5.1.tgz 0ms (cache hit)
1043 http cache unicode-trie@https://registry.npmjs.org/unicode-trie/-/unicode-trie-2.0.0.tgz 0ms (cache hit)
1044 http cache gcp-metadata@https://registry.npmjs.org/gcp-metadata/-/gcp-metadata-8.1.2.tgz 0ms (cache hit)
1045 http cache unicode-properties@https://registry.npmjs.org/unicode-properties/-/unicode-properties-1.4.1.tgz 0ms (cache hit)
1046 http cache tslib@https://registry.npmjs.org/tslib/-/tslib-2.8.1.tgz 0ms (cache hit)
1047 http cache @swc/helpers@https://registry.npmjs.org/@swc/helpers/-/helpers-0.5.23.tgz 0ms (cache hit)
1048 http cache tiny-inflate@https://registry.npmjs.org/tiny-inflate/-/tiny-inflate-1.0.3.tgz 0ms (cache hit)
1049 http cache restructure@https://registry.npmjs.org/restructure/-/restructure-3.0.2.tgz 0ms (cache hit)
1050 http cache dfa@https://registry.npmjs.org/dfa/-/dfa-1.2.0.tgz 0ms (cache hit)
1051 http cache @esbuild/win32-x64@https://registry.npmjs.org/@esbuild/win32-x64/-/win32-x64-0.25.12.tgz 0ms (cache hit)
1052 http cache clone@https://registry.npmjs.org/clone/-/clone-2.1.2.tgz 0ms (cache hit)
1053 http cache fast-deep-equal@https://registry.npmjs.org/fast-deep-equal/-/fast-deep-equal-3.1.3.tgz 0ms (cache hit)
1054 http cache ms@https://registry.npmjs.org/ms/-/ms-2.1.3.tgz 0ms (cache hit)
1055 http cache p-retry@https://registry.npmjs.org/p-retry/-/p-retry-4.6.2.tgz 0ms (cache hit)
1056 http cache yargs@https://registry.npmjs.org/yargs/-/yargs-18.0.0.tgz 0ms (cache hit)
1057 http cache brotli@https://registry.npmjs.org/brotli/-/brotli-1.3.3.tgz 0ms (cache hit)
1058 http cache protobufjs@https://registry.npmjs.org/protobufjs/-/protobufjs-7.6.5.tgz 0ms (cache hit)
1059 http cache sharp@https://registry.npmjs.org/sharp/-/sharp-0.34.5.tgz 0ms (cache hit)
1060 http cache ws@https://registry.npmjs.org/ws/-/ws-8.21.1.tgz 0ms (cache hit)
1061 http cache modern-tar@https://registry.npmjs.org/modern-tar/-/modern-tar-0.7.7.tgz 0ms (cache hit)
1062 http cache google-auth-library@https://registry.npmjs.org/google-auth-library/-/google-auth-library-10.9.0.tgz 0ms (cache hit)
1063 http cache postcss@https://registry.npmjs.org/postcss/-/postcss-8.5.22.tgz 0ms (cache hit)
1064 http cache puppeteer-core@https://registry.npmjs.org/puppeteer-core/-/puppeteer-core-25.3.0.tgz 0ms (cache hit)
1065 http cache prettier@https://registry.npmjs.org/prettier/-/prettier-3.9.6.tgz 0ms (cache hit)
1066 http cache open@https://registry.npmjs.org/open/-/open-10.2.0.tgz 0ms (cache hit)
1067 http cache onnxruntime-node@https://registry.npmjs.org/onnxruntime-node/-/onnxruntime-node-1.23.2.tgz 0ms (cache hit)
1068 http cache ignore@https://registry.npmjs.org/ignore/-/ignore-5.3.2.tgz 0ms (cache hit)
1069 http cache fontkit@https://registry.npmjs.org/fontkit/-/fontkit-2.0.4.tgz 0ms (cache hit)
1070 http cache giget@https://registry.npmjs.org/giget/-/giget-3.3.0.tgz 1ms (cache hit)
1071 http cache esbuild@https://registry.npmjs.org/esbuild/-/esbuild-0.25.12.tgz 0ms (cache hit)
1072 http cache compare-versions@https://registry.npmjs.org/compare-versions/-/compare-versions-6.1.1.tgz 0ms (cache hit)
1073 http cache citty@https://registry.npmjs.org/citty/-/citty-0.2.2.tgz 0ms (cache hit)
1074 http cache @puppeteer/browsers@https://registry.npmjs.org/@puppeteer/browsers/-/browsers-3.0.6.tgz 0ms (cache hit)
1075 http cache debug@https://registry.npmjs.org/debug/-/debug-4.4.3.tgz 0ms (cache hit)
1076 http cache adm-zip@https://registry.npmjs.org/adm-zip/-/adm-zip-0.5.18.tgz 0ms (cache hit)
1077 http cache @google/genai@https://registry.npmjs.org/@google/genai/-/genai-1.52.0.tgz 0ms (cache hit)
1078 silly tarball no local data for ansi-styles@https://registry.npmjs.org/ansi-styles/-/ansi-styles-6.2.3.tgz. Extracting by manifest.
1079 http cache @hono/node-server@https://registry.npmjs.org/@hono/node-server/-/node-server-1.19.14.tgz 0ms (cache hit)
1080 silly tarball no local data for ansi-regex@https://registry.npmjs.org/ansi-regex/-/ansi-regex-6.2.2.tgz. Extracting by manifest.
1081 silly tarball no local data for get-east-asian-width@https://registry.npmjs.org/get-east-asian-width/-/get-east-asian-width-1.6.0.tgz. Extracting by manifest.
1082 silly tarball no local data for emoji-regex@https://registry.npmjs.org/emoji-regex/-/emoji-regex-10.6.0.tgz. Extracting by manifest.
1083 silly tarball no local data for strip-ansi@https://registry.npmjs.org/strip-ansi/-/strip-ansi-7.2.0.tgz. Extracting by manifest.
1084 silly tarball no local data for wrap-ansi@https://registry.npmjs.org/wrap-ansi/-/wrap-ansi-9.0.2.tgz. Extracting by manifest.
1085 silly tarball no local data for y18n@https://registry.npmjs.org/y18n/-/y18n-5.0.8.tgz. Extracting by manifest.
1086 http cache hono@https://registry.npmjs.org/hono/-/hono-4.12.31.tgz 0ms (cache hit)
1087 http cache hyperframes@https://registry.npmjs.org/hyperframes/-/hyperframes-0.7.68.tgz 0ms (cache hit)
1088 silly tarball no local data for yargs-parser@https://registry.npmjs.org/yargs-parser/-/yargs-parser-22.0.0.tgz. Extracting by manifest.
1089 silly tarball no local data for string-width@https://registry.npmjs.org/string-width/-/string-width-7.2.0.tgz. Extracting by manifest.
1090 silly tarball no local data for is-wsl@https://registry.npmjs.org/is-wsl/-/is-wsl-3.1.1.tgz. Extracting by manifest.
1091 silly tarball no local data for escalade@https://registry.npmjs.org/escalade/-/escalade-3.2.0.tgz. Extracting by manifest.
1092 silly tarball no local data for cliui@https://registry.npmjs.org/cliui/-/cliui-9.0.1.tgz. Extracting by manifest.
1093 silly tarball no local data for get-caller-file@https://registry.npmjs.org/get-caller-file/-/get-caller-file-2.0.5.tgz. Extracting by manifest.
1094 silly tarball no local data for detect-libc@https://registry.npmjs.org/detect-libc/-/detect-libc-2.1.2.tgz. Extracting by manifest.
1095 silly tarball no local data for @img/sharp-win32-x64@https://registry.npmjs.org/@img/sharp-win32-x64/-/sharp-win32-x64-0.34.5.tgz. Extracting by manifest.
1096 silly tarball no local data for @img/colour@https://registry.npmjs.org/@img/colour/-/colour-1.1.0.tgz. Extracting by manifest.
1097 silly tarball no local data for pako@https://registry.npmjs.org/pako/-/pako-0.2.9.tgz. Extracting by manifest.
1098 silly tarball no local data for type-fest@https://registry.npmjs.org/type-fest/-/type-fest-0.13.1.tgz. Extracting by manifest.
1099 silly tarball no local data for es-errors@https://registry.npmjs.org/es-errors/-/es-errors-1.3.0.tgz. Extracting by manifest.
1100 silly tarball no local data for es-define-property@https://registry.npmjs.org/es-define-property/-/es-define-property-1.0.1.tgz. Extracting by manifest.
1101 silly tarball no local data for object-keys@https://registry.npmjs.org/object-keys/-/object-keys-1.1.1.tgz. Extracting by manifest.
1102 silly tarball no local data for has-property-descriptors@https://registry.npmjs.org/has-property-descriptors/-/has-property-descriptors-1.0.2.tgz. Extracting by manifest.
1103 silly tarball no local data for define-data-property@https://registry.npmjs.org/define-data-property/-/define-data-property-1.1.4.tgz. Extracting by manifest.
1104 silly tarball no local data for gopd@https://registry.npmjs.org/gopd/-/gopd-1.2.0.tgz. Extracting by manifest.
1105 silly tarball no local data for define-properties@https://registry.npmjs.org/define-properties/-/define-properties-1.2.1.tgz. Extracting by manifest.
1106 silly tarball no local data for json-stringify-safe@https://registry.npmjs.org/json-stringify-safe/-/json-stringify-safe-5.0.1.tgz. Extracting by manifest.
1107 silly tarball no local data for sprintf-js@https://registry.npmjs.org/sprintf-js/-/sprintf-js-1.1.3.tgz. Extracting by manifest.
1108 silly tarball no local data for semver-compare@https://registry.npmjs.org/semver-compare/-/semver-compare-1.0.0.tgz. Extracting by manifest.
1109 silly tarball no local data for globalthis@https://registry.npmjs.org/globalthis/-/globalthis-1.0.4.tgz. Extracting by manifest.
1110 silly tarball no local data for zod@https://registry.npmjs.org/zod/-/zod-3.25.76.tgz. Extracting by manifest.
1111 silly tarball no local data for mitt@https://registry.npmjs.org/mitt/-/mitt-3.0.1.tgz. Extracting by manifest.
1112 silly tarball no local data for detect-node@https://registry.npmjs.org/detect-node/-/detect-node-2.1.0.tgz. Extracting by manifest.
1113 silly tarball no local data for webdriver-bidi-protocol@https://registry.npmjs.org/webdriver-bidi-protocol/-/webdriver-bidi-protocol-0.4.2.tgz. Extracting by manifest.
1114 silly tarball no local data for @types/node@https://registry.npmjs.org/@types/node/-/node-26.1.1.tgz. Extracting by manifest.
1115 silly tarball no local data for typed-query-selector@https://registry.npmjs.org/typed-query-selector/-/typed-query-selector-2.12.2.tgz. Extracting by manifest.
1116 silly tarball no local data for chromium-bidi@https://registry.npmjs.org/chromium-bidi/-/chromium-bidi-16.0.1.tgz. Extracting by manifest.
1117 silly tarball no local data for long@https://registry.npmjs.org/long/-/long-5.3.2.tgz. Extracting by manifest.
1118 silly tarball no local data for undici-types@https://registry.npmjs.org/undici-types/-/undici-types-8.3.0.tgz. Extracting by manifest.
1119 silly tarball no local data for @protobufjs/utf8@https://registry.npmjs.org/@protobufjs/utf8/-/utf8-1.1.2.tgz. Extracting by manifest.
1120 silly tarball no local data for devtools-protocol@https://registry.npmjs.org/devtools-protocol/-/devtools-protocol-0.0.1638949.tgz. Extracting by manifest.
1121 silly tarball no local data for @protobufjs/pool@https://registry.npmjs.org/@protobufjs/pool/-/pool-1.1.0.tgz. Extracting by manifest.
1122 silly tarball no local data for @protobufjs/path@https://registry.npmjs.org/@protobufjs/path/-/path-1.1.2.tgz. Extracting by manifest.
1123 silly tarball no local data for @protobufjs/fetch@https://registry.npmjs.org/@protobufjs/fetch/-/fetch-1.1.1.tgz. Extracting by manifest.
1124 silly tarball no local data for @protobufjs/float@https://registry.npmjs.org/@protobufjs/float/-/float-1.0.2.tgz. Extracting by manifest.
1125 silly tarball no local data for @protobufjs/eventemitter@https://registry.npmjs.org/@protobufjs/eventemitter/-/eventemitter-1.1.1.tgz. Extracting by manifest.
1126 silly tarball no local data for @types/retry@https://registry.npmjs.org/@types/retry/-/retry-0.12.0.tgz. Extracting by manifest.
1127 silly tarball no local data for @protobufjs/codegen@https://registry.npmjs.org/@protobufjs/codegen/-/codegen-2.0.5.tgz. Extracting by manifest.
1128 silly tarball no local data for @protobufjs/aspromise@https://registry.npmjs.org/@protobufjs/aspromise/-/aspromise-1.1.2.tgz. Extracting by manifest.
1129 silly tarball no local data for @protobufjs/base64@https://registry.npmjs.org/@protobufjs/base64/-/base64-1.1.2.tgz. Extracting by manifest.
1130 silly tarball no local data for picocolors@https://registry.npmjs.org/picocolors/-/picocolors-1.1.1.tgz. Extracting by manifest.
1131 silly tarball no local data for nanoid@https://registry.npmjs.org/nanoid/-/nanoid-3.3.16.tgz. Extracting by manifest.
1132 silly tarball no local data for is-docker@https://registry.npmjs.org/is-docker/-/is-docker-3.0.0.tgz. Extracting by manifest.
1133 silly tarball no local data for source-map-js@https://registry.npmjs.org/source-map-js/-/source-map-js-1.2.1.tgz. Extracting by manifest.
1134 silly tarball no local data for retry@https://registry.npmjs.org/retry/-/retry-0.13.1.tgz. Extracting by manifest.
1135 silly tarball no local data for run-applescript@https://registry.npmjs.org/run-applescript/-/run-applescript-7.1.0.tgz. Extracting by manifest.
1136 silly tarball no local data for default-browser-id@https://registry.npmjs.org/default-browser-id/-/default-browser-id-5.0.1.tgz. Extracting by manifest.
1137 silly tarball no local data for bundle-name@https://registry.npmjs.org/bundle-name/-/bundle-name-4.1.0.tgz. Extracting by manifest.
1138 silly tarball no local data for wsl-utils@https://registry.npmjs.org/wsl-utils/-/wsl-utils-0.1.0.tgz. Extracting by manifest.
1139 silly tarball no local data for define-lazy-prop@https://registry.npmjs.org/define-lazy-prop/-/define-lazy-prop-3.0.0.tgz. Extracting by manifest.
1140 silly tarball no local data for is-inside-container@https://registry.npmjs.org/is-inside-container/-/is-inside-container-1.0.0.tgz. Extracting by manifest.
1141 silly tarball no local data for escape-string-regexp@https://registry.npmjs.org/escape-string-regexp/-/escape-string-regexp-4.0.0.tgz. Extracting by manifest.
1142 silly tarball no local data for default-browser@https://registry.npmjs.org/default-browser/-/default-browser-5.5.0.tgz. Extracting by manifest.
1143 silly tarball no local data for semver@https://registry.npmjs.org/semver/-/semver-7.8.5.tgz. Extracting by manifest.
1144 silly tarball no local data for serialize-error@https://registry.npmjs.org/serialize-error/-/serialize-error-7.0.1.tgz. Extracting by manifest.
1145 silly tarball no local data for roarr@https://registry.npmjs.org/roarr/-/roarr-2.15.4.tgz. Extracting by manifest.
1146 silly tarball no local data for es6-error@https://registry.npmjs.org/es6-error/-/es6-error-4.1.1.tgz. Extracting by manifest.
1147 silly tarball no local data for matcher@https://registry.npmjs.org/matcher/-/matcher-3.0.0.tgz. Extracting by manifest.
1148 silly tarball no local data for onnxruntime-common@https://registry.npmjs.org/onnxruntime-common/-/onnxruntime-common-1.23.2.tgz. Extracting by manifest.
1149 silly tarball no local data for global-agent@https://registry.npmjs.org/global-agent/-/global-agent-3.0.0.tgz. Extracting by manifest.
1150 silly tarball no local data for web-streams-polyfill@https://registry.npmjs.org/web-streams-polyfill/-/web-streams-polyfill-3.3.3.tgz. Extracting by manifest.
1151 silly tarball no local data for node-domexception@https://registry.npmjs.org/node-domexception/-/node-domexception-1.0.0.tgz. Extracting by manifest.
1152 silly tarball no local data for fetch-blob@https://registry.npmjs.org/fetch-blob/-/fetch-blob-3.2.0.tgz. Extracting by manifest.
1153 silly tarball no local data for formdata-polyfill@https://registry.npmjs.org/formdata-polyfill/-/formdata-polyfill-4.0.10.tgz. Extracting by manifest.
1154 silly tarball no local data for boolean@https://registry.npmjs.org/boolean/-/boolean-3.2.0.tgz. Extracting by manifest.
1155 silly tarball no local data for buffer-equal-constant-time@https://registry.npmjs.org/buffer-equal-constant-time/-/buffer-equal-constant-time-1.0.1.tgz. Extracting by manifest.
1156 silly tarball no local data for data-uri-to-buffer@https://registry.npmjs.org/data-uri-to-buffer/-/data-uri-to-buffer-4.0.1.tgz. Extracting by manifest.
1157 silly tarball no local data for jwa@https://registry.npmjs.org/jwa/-/jwa-2.0.1.tgz. Extracting by manifest.
1158 silly tarball no local data for json-bigint@https://registry.npmjs.org/json-bigint/-/json-bigint-1.0.0.tgz. Extracting by manifest.
1159 silly tarball no local data for agent-base@https://registry.npmjs.org/agent-base/-/agent-base-7.1.4.tgz. Extracting by manifest.
1160 silly tarball no local data for bignumber.js@https://registry.npmjs.org/bignumber.js/-/bignumber.js-9.3.1.tgz. Extracting by manifest.
1161 silly tarball no local data for node-fetch@https://registry.npmjs.org/node-fetch/-/node-fetch-3.3.2.tgz. Extracting by manifest.
1162 silly tarball no local data for https-proxy-agent@https://registry.npmjs.org/https-proxy-agent/-/https-proxy-agent-7.0.6.tgz. Extracting by manifest.
1163 silly tarball no local data for extend@https://registry.npmjs.org/extend/-/extend-3.0.2.tgz. Extracting by manifest.
1164 silly tarball no local data for safe-buffer@https://registry.npmjs.org/safe-buffer/-/safe-buffer-5.2.1.tgz. Extracting by manifest.
1165 silly tarball no local data for jws@https://registry.npmjs.org/jws/-/jws-4.0.1.tgz. Extracting by manifest.
1166 silly tarball no local data for google-logging-utils@https://registry.npmjs.org/google-logging-utils/-/google-logging-utils-1.1.3.tgz. Extracting by manifest.
1167 silly tarball no local data for gaxios@https://registry.npmjs.org/gaxios/-/gaxios-7.2.0.tgz. Extracting by manifest.
1168 silly tarball no local data for ecdsa-sig-formatter@https://registry.npmjs.org/ecdsa-sig-formatter/-/ecdsa-sig-formatter-1.0.11.tgz. Extracting by manifest.
1169 silly tarball no local data for base64-js@https://registry.npmjs.org/base64-js/-/base64-js-1.5.1.tgz. Extracting by manifest.
1170 silly tarball no local data for unicode-trie@https://registry.npmjs.org/unicode-trie/-/unicode-trie-2.0.0.tgz. Extracting by manifest.
1171 silly tarball no local data for gcp-metadata@https://registry.npmjs.org/gcp-metadata/-/gcp-metadata-8.1.2.tgz. Extracting by manifest.
1172 silly tarball no local data for unicode-properties@https://registry.npmjs.org/unicode-properties/-/unicode-properties-1.4.1.tgz. Extracting by manifest.
1173 silly tarball no local data for tslib@https://registry.npmjs.org/tslib/-/tslib-2.8.1.tgz. Extracting by manifest.
1174 silly tarball no local data for @swc/helpers@https://registry.npmjs.org/@swc/helpers/-/helpers-0.5.23.tgz. Extracting by manifest.
1175 silly tarball no local data for tiny-inflate@https://registry.npmjs.org/tiny-inflate/-/tiny-inflate-1.0.3.tgz. Extracting by manifest.
1176 silly tarball no local data for restructure@https://registry.npmjs.org/restructure/-/restructure-3.0.2.tgz. Extracting by manifest.
1177 silly tarball no local data for dfa@https://registry.npmjs.org/dfa/-/dfa-1.2.0.tgz. Extracting by manifest.
1178 silly tarball no local data for @esbuild/win32-x64@https://registry.npmjs.org/@esbuild/win32-x64/-/win32-x64-0.25.12.tgz. Extracting by manifest.
1179 silly tarball no local data for clone@https://registry.npmjs.org/clone/-/clone-2.1.2.tgz. Extracting by manifest.
1180 silly tarball no local data for fast-deep-equal@https://registry.npmjs.org/fast-deep-equal/-/fast-deep-equal-3.1.3.tgz. Extracting by manifest.
1181 silly tarball no local data for ms@https://registry.npmjs.org/ms/-/ms-2.1.3.tgz. Extracting by manifest.
1182 silly tarball no local data for p-retry@https://registry.npmjs.org/p-retry/-/p-retry-4.6.2.tgz. Extracting by manifest.
1183 silly tarball no local data for yargs@https://registry.npmjs.org/yargs/-/yargs-18.0.0.tgz. Extracting by manifest.
1184 silly tarball no local data for brotli@https://registry.npmjs.org/brotli/-/brotli-1.3.3.tgz. Extracting by manifest.
1185 silly tarball no local data for protobufjs@https://registry.npmjs.org/protobufjs/-/protobufjs-7.6.5.tgz. Extracting by manifest.
1186 silly tarball no local data for sharp@https://registry.npmjs.org/sharp/-/sharp-0.34.5.tgz. Extracting by manifest.
1187 silly tarball no local data for ws@https://registry.npmjs.org/ws/-/ws-8.21.1.tgz. Extracting by manifest.
1188 silly tarball no local data for modern-tar@https://registry.npmjs.org/modern-tar/-/modern-tar-0.7.7.tgz. Extracting by manifest.
1189 silly tarball no local data for google-auth-library@https://registry.npmjs.org/google-auth-library/-/google-auth-library-10.9.0.tgz. Extracting by manifest.
1190 silly tarball no local data for postcss@https://registry.npmjs.org/postcss/-/postcss-8.5.22.tgz. Extracting by manifest.
1191 silly tarball no local data for puppeteer-core@https://registry.npmjs.org/puppeteer-core/-/puppeteer-core-25.3.0.tgz. Extracting by manifest.
1192 silly tarball no local data for prettier@https://registry.npmjs.org/prettier/-/prettier-3.9.6.tgz. Extracting by manifest.
1193 silly tarball no local data for open@https://registry.npmjs.org/open/-/open-10.2.0.tgz. Extracting by manifest.
1194 silly tarball no local data for onnxruntime-node@https://registry.npmjs.org/onnxruntime-node/-/onnxruntime-node-1.23.2.tgz. Extracting by manifest.
1195 silly tarball no local data for ignore@https://registry.npmjs.org/ignore/-/ignore-5.3.2.tgz. Extracting by manifest.
1196 silly tarball no local data for fontkit@https://registry.npmjs.org/fontkit/-/fontkit-2.0.4.tgz. Extracting by manifest.
1197 silly tarball no local data for giget@https://registry.npmjs.org/giget/-/giget-3.3.0.tgz. Extracting by manifest.
1198 silly tarball no local data for esbuild@https://registry.npmjs.org/esbuild/-/esbuild-0.25.12.tgz. Extracting by manifest.
1199 silly tarball no local data for compare-versions@https://registry.npmjs.org/compare-versions/-/compare-versions-6.1.1.tgz. Extracting by manifest.
1200 silly tarball no local data for citty@https://registry.npmjs.org/citty/-/citty-0.2.2.tgz. Extracting by manifest.
1201 silly tarball no local data for @puppeteer/browsers@https://registry.npmjs.org/@puppeteer/browsers/-/browsers-3.0.6.tgz. Extracting by manifest.
1202 silly tarball no local data for debug@https://registry.npmjs.org/debug/-/debug-4.4.3.tgz. Extracting by manifest.
1203 silly tarball no local data for adm-zip@https://registry.npmjs.org/adm-zip/-/adm-zip-0.5.18.tgz. Extracting by manifest.
1204 silly tarball no local data for @google/genai@https://registry.npmjs.org/@google/genai/-/genai-1.52.0.tgz. Extracting by manifest.
1205 silly tarball no local data for @hono/node-server@https://registry.npmjs.org/@hono/node-server/-/node-server-1.19.14.tgz. Extracting by manifest.
1206 silly tarball no local data for hono@https://registry.npmjs.org/hono/-/hono-4.12.31.tgz. Extracting by manifest.
1207 silly tarball no local data for hyperframes@https://registry.npmjs.org/hyperframes/-/hyperframes-0.7.68.tgz. Extracting by manifest.
1208 http fetch POST 200 https://registry.npmjs.org/-/npm/v1/security/advisories/bulk 365ms
1209 silly audit report {
1209 silly audit report   '@hono/node-server': [
1209 silly audit report     {
1209 silly audit report       id: 1124006,
1209 silly audit report       url: 'https://github.com/advisories/GHSA-frvp-7c67-39w9',
1209 silly audit report       title: 'Node.js Adapter for Hono: Path traversal in `serve-static` on Windows via encoded backslash (`%5C`)',
1209 silly audit report       severity: 'moderate',
1209 silly audit report       vulnerable_versions: '<2.0.5',
1209 silly audit report       cwe: [Array],
1209 silly audit report       cvss: [Object]
1209 silly audit report     }
1209 silly audit report   ],
1209 silly audit report   'adm-zip': [
1209 silly audit report     {
1209 silly audit report       id: 1123686,
1209 silly audit report       url: 'https://github.com/advisories/GHSA-xcpc-8h2w-3j85',
1209 silly audit report       title: 'adm-zip: Crafted ZIP file triggers 4GB memory allocation',
1209 silly audit report       severity: 'high',
1209 silly audit report       vulnerable_versions: '<0.6.0',
1209 silly audit report       cwe: [Array],
1209 silly audit report       cvss: [Object]
1209 silly audit report     }
1209 silly audit report   ],
1209 silly audit report   sharp: [
1209 silly audit report     {
1209 silly audit report       id: 1124066,
1209 silly audit report       url: 'https://github.com/advisories/GHSA-f88m-g3jw-g9cj',
1209 silly audit report       title: 'sharp inherited vulnerabilities in libvips: CVE-2026-33327, CVE-2026-33328, CVE-2026-35590, CVE-2026-35591',
1209 silly audit report       severity: 'high',
1209 silly audit report       vulnerable_versions: '<0.35.0',
1209 silly audit report       cwe: [Array],
1209 silly audit report       cvss: [Object]
1209 silly audit report     }
1209 silly audit report   ]
1209 silly audit report }
1210 silly packumentCache corgi:https://registry.npmjs.org/@hono%2fnode-server cache-miss
1211 silly packumentCache corgi:https://registry.npmjs.org/adm-zip cache-miss
1212 silly packumentCache corgi:https://registry.npmjs.org/sharp cache-miss
1213 http fetch GET 200 https://registry.npmjs.org/y18n/-/y18n-5.0.8.tgz 293ms (cache miss)
1214 http fetch GET 200 https://registry.npmjs.org/strip-ansi/-/strip-ansi-7.2.0.tgz 295ms (cache miss)
1215 http fetch GET 200 https://registry.npmjs.org/wrap-ansi/-/wrap-ansi-9.0.2.tgz 295ms (cache miss)
1216 http fetch GET 200 https://registry.npmjs.org/detect-libc/-/detect-libc-2.1.2.tgz 289ms (cache miss)
1217 http fetch GET 200 https://registry.npmjs.org/emoji-regex/-/emoji-regex-10.6.0.tgz 310ms (cache miss)
1218 http fetch GET 200 https://registry.npmjs.org/ansi-styles/-/ansi-styles-6.2.3.tgz 313ms (cache miss)
1219 http fetch GET 200 https://registry.npmjs.org/ansi-regex/-/ansi-regex-6.2.2.tgz 312ms (cache miss)
1220 http fetch GET 200 https://registry.npmjs.org/get-east-asian-width/-/get-east-asian-width-1.6.0.tgz 311ms (cache miss)
1221 http fetch GET 200 https://registry.npmjs.org/is-wsl/-/is-wsl-3.1.1.tgz 307ms (cache miss)
1222 http fetch GET 200 https://registry.npmjs.org/escalade/-/escalade-3.2.0.tgz 311ms (cache miss)
1223 http fetch GET 200 https://registry.npmjs.org/es-errors/-/es-errors-1.3.0.tgz 311ms (cache miss)
1224 http fetch GET 200 https://registry.npmjs.org/get-caller-file/-/get-caller-file-2.0.5.tgz 318ms (cache miss)
1225 http fetch GET 200 https://registry.npmjs.org/es-define-property/-/es-define-property-1.0.1.tgz 313ms (cache miss)
1226 http fetch GET 200 https://registry.npmjs.org/string-width/-/string-width-7.2.0.tgz 325ms (cache miss)
1227 http fetch GET 200 https://registry.npmjs.org/gopd/-/gopd-1.2.0.tgz 315ms (cache miss)
1228 http fetch GET 200 https://registry.npmjs.org/sprintf-js/-/sprintf-js-1.1.3.tgz 314ms (cache miss)
1229 http fetch GET 200 https://registry.npmjs.org/object-keys/-/object-keys-1.1.1.tgz 321ms (cache miss)
1230 http fetch GET 200 https://registry.npmjs.org/has-property-descriptors/-/has-property-descriptors-1.0.2.tgz 322ms (cache miss)
1231 http fetch GET 200 https://registry.npmjs.org/define-data-property/-/define-data-property-1.1.4.tgz 328ms (cache miss)
1232 http fetch GET 200 https://registry.npmjs.org/define-properties/-/define-properties-1.2.1.tgz 327ms (cache miss)
1233 http fetch GET 200 https://registry.npmjs.org/semver-compare/-/semver-compare-1.0.0.tgz 360ms (cache miss)
1234 http fetch GET 200 https://registry.npmjs.org/json-stringify-safe/-/json-stringify-safe-5.0.1.tgz 362ms (cache miss)
1235 http fetch GET 200 https://registry.npmjs.org/detect-node/-/detect-node-2.1.0.tgz 371ms (cache miss)
1236 http fetch GET 200 https://registry.npmjs.org/mitt/-/mitt-3.0.1.tgz 373ms (cache miss)
1237 http fetch GET 200 https://registry.npmjs.org/@img/colour/-/colour-1.1.0.tgz 387ms (cache miss)
1238 http fetch GET 200 https://registry.npmjs.org/cliui/-/cliui-9.0.1.tgz 398ms (cache miss)
1239 http fetch GET 200 https://registry.npmjs.org/typed-query-selector/-/typed-query-selector-2.12.2.tgz 383ms (cache miss)
1240 http fetch GET 200 https://registry.npmjs.org/@protobufjs/utf8/-/utf8-1.1.2.tgz 412ms (cache miss)
1241 http fetch GET 200 https://registry.npmjs.org/@types/retry/-/retry-0.12.0.tgz 480ms (cache miss)
1242 http fetch GET 200 https://registry.npmjs.org/@protobufjs/eventemitter/-/eventemitter-1.1.1.tgz 483ms (cache miss)
1243 http fetch GET 200 https://registry.npmjs.org/@protobufjs/aspromise/-/aspromise-1.1.2.tgz 487ms (cache miss)
1244 http fetch GET 200 https://registry.npmjs.org/picocolors/-/picocolors-1.1.1.tgz 487ms (cache miss)
1245 http fetch GET 200 https://registry.npmjs.org/nanoid/-/nanoid-3.3.16.tgz 494ms (cache miss)
1246 http fetch GET 200 https://registry.npmjs.org/@protobufjs/float/-/float-1.0.2.tgz 504ms (cache miss)
1247 http fetch GET 200 https://registry.npmjs.org/@protobufjs/codegen/-/codegen-2.0.5.tgz 503ms (cache miss)
1248 http fetch GET 200 https://registry.npmjs.org/@protobufjs/base64/-/base64-1.1.2.tgz 506ms (cache miss)
1249 http fetch GET 200 https://registry.npmjs.org/@protobufjs/path/-/path-1.1.2.tgz 511ms (cache miss)
1250 http fetch GET 200 https://registry.npmjs.org/@protobufjs/fetch/-/fetch-1.1.1.tgz 514ms (cache miss)
1251 http fetch GET 200 https://registry.npmjs.org/yargs-parser/-/yargs-parser-22.0.0.tgz 583ms (cache miss)
1252 http fetch GET 200 https://registry.npmjs.org/run-applescript/-/run-applescript-7.1.0.tgz 565ms (cache miss)
1253 http fetch GET 200 https://registry.npmjs.org/retry/-/retry-0.13.1.tgz 567ms (cache miss)
1254 http fetch GET 200 https://registry.npmjs.org/bundle-name/-/bundle-name-4.1.0.tgz 570ms (cache miss)
1255 http fetch GET 200 https://registry.npmjs.org/default-browser-id/-/default-browser-id-5.0.1.tgz 588ms (cache miss)
1256 http fetch GET 200 https://registry.npmjs.org/is-inside-container/-/is-inside-container-1.0.0.tgz 586ms (cache miss)
1257 http fetch GET 200 https://registry.npmjs.org/wsl-utils/-/wsl-utils-0.1.0.tgz 588ms (cache miss)
1258 http fetch GET 200 https://registry.npmjs.org/escape-string-regexp/-/escape-string-regexp-4.0.0.tgz 594ms (cache miss)
1259 http fetch GET 200 https://registry.npmjs.org/is-docker/-/is-docker-3.0.0.tgz 601ms (cache miss)
1260 http fetch GET 200 https://registry.npmjs.org/define-lazy-prop/-/define-lazy-prop-3.0.0.tgz 597ms (cache miss)
1261 http fetch GET 200 https://registry.npmjs.org/default-browser/-/default-browser-5.5.0.tgz 660ms (cache miss)
1262 http fetch GET 200 https://registry.npmjs.org/matcher/-/matcher-3.0.0.tgz 660ms (cache miss)
1263 http fetch GET 200 https://registry.npmjs.org/long/-/long-5.3.2.tgz 681ms (cache miss)
1264 http fetch GET 200 https://registry.npmjs.org/es6-error/-/es6-error-4.1.1.tgz 668ms (cache miss)
1265 http fetch GET 200 https://registry.npmjs.org/serialize-error/-/serialize-error-7.0.1.tgz 674ms (cache miss)
1266 http fetch GET 200 https://registry.npmjs.org/@protobufjs/pool/-/pool-1.1.0.tgz 698ms (cache miss)
1267 http fetch GET 200 https://registry.npmjs.org/fetch-blob/-/fetch-blob-3.2.0.tgz 713ms (cache miss)
1268 http fetch GET 200 https://registry.npmjs.org/node-domexception/-/node-domexception-1.0.0.tgz 734ms (cache miss)
1269 http fetch GET 200 https://registry.npmjs.org/jwa/-/jwa-2.0.1.tgz 751ms (cache miss)
1270 http fetch GET 200 https://registry.npmjs.org/agent-base/-/agent-base-7.1.4.tgz 757ms (cache miss)
1271 http fetch GET 200 https://registry.npmjs.org/data-uri-to-buffer/-/data-uri-to-buffer-4.0.1.tgz 760ms (cache miss)
1272 http fetch GET 200 https://registry.npmjs.org/globalthis/-/globalthis-1.0.4.tgz 797ms (cache miss)
1273 http fetch GET 200 https://registry.npmjs.org/buffer-equal-constant-time/-/buffer-equal-constant-time-1.0.1.tgz 768ms (cache miss)
1274 http fetch GET 200 https://registry.npmjs.org/jws/-/jws-4.0.1.tgz 762ms (cache miss)
1275 http fetch GET 200 https://registry.npmjs.org/boolean/-/boolean-3.2.0.tgz 773ms (cache miss)
1276 http fetch GET 200 https://registry.npmjs.org/extend/-/extend-3.0.2.tgz 773ms (cache miss)
1277 http fetch GET 200 https://registry.npmjs.org/json-bigint/-/json-bigint-1.0.0.tgz 779ms (cache miss)
1278 http fetch GET 200 https://registry.npmjs.org/safe-buffer/-/safe-buffer-5.2.1.tgz 777ms (cache miss)
1279 http fetch GET 200 https://registry.npmjs.org/base64-js/-/base64-js-1.5.1.tgz 781ms (cache miss)
1280 http fetch GET 200 https://registry.npmjs.org/unicode-trie/-/unicode-trie-2.0.0.tgz 789ms (cache miss)
1281 http fetch GET 200 https://registry.npmjs.org/ecdsa-sig-formatter/-/ecdsa-sig-formatter-1.0.11.tgz 793ms (cache miss)
1282 http fetch GET 200 https://registry.npmjs.org/formdata-polyfill/-/formdata-polyfill-4.0.10.tgz 805ms (cache miss)
1283 http fetch GET 200 https://registry.npmjs.org/tiny-inflate/-/tiny-inflate-1.0.3.tgz 887ms (cache miss)
1284 http fetch GET 200 https://registry.npmjs.org/dfa/-/dfa-1.2.0.tgz 891ms (cache miss)
1285 http fetch GET 200 https://registry.npmjs.org/p-retry/-/p-retry-4.6.2.tgz 888ms (cache miss)
1286 http fetch GET 200 https://registry.npmjs.org/clone/-/clone-2.1.2.tgz 899ms (cache miss)
1287 http fetch GET 200 https://registry.npmjs.org/ms/-/ms-2.1.3.tgz 900ms (cache miss)
1288 http fetch GET 200 https://registry.npmjs.org/unicode-properties/-/unicode-properties-1.4.1.tgz 912ms (cache miss)
1289 http fetch GET 200 https://registry.npmjs.org/bignumber.js/-/bignumber.js-9.3.1.tgz 976ms (cache miss)
1290 http fetch GET 200 https://registry.npmjs.org/https-proxy-agent/-/https-proxy-agent-7.0.6.tgz 981ms (cache miss)
1291 http fetch GET 200 https://registry.npmjs.org/gcp-metadata/-/gcp-metadata-8.1.2.tgz 975ms (cache miss)
1292 http fetch GET 200 https://registry.npmjs.org/citty/-/citty-0.2.2.tgz 962ms (cache miss)
1293 http fetch GET 200 https://registry.npmjs.org/tslib/-/tslib-2.8.1.tgz 991ms (cache miss)
1294 http fetch GET 200 https://registry.npmjs.org/compare-versions/-/compare-versions-6.1.1.tgz 980ms (cache miss)
1295 http fetch GET 200 https://registry.npmjs.org/fast-deep-equal/-/fast-deep-equal-3.1.3.tgz 996ms (cache miss)
1296 http fetch GET 200 https://registry.npmjs.org/source-map-js/-/source-map-js-1.2.1.tgz 1032ms (cache miss)
1297 http fetch GET 200 https://registry.npmjs.org/modern-tar/-/modern-tar-0.7.7.tgz 1007ms (cache miss)
1298 http fetch GET 200 https://registry.npmjs.org/type-fest/-/type-fest-0.13.1.tgz 1091ms (cache miss)
1299 warn deprecated boolean@3.2.0: Package no longer supported. Contact Support at https://www.npmjs.com/support for more info.
1300 http fetch GET 200 https://registry.npmjs.org/webdriver-bidi-protocol/-/webdriver-bidi-protocol-0.4.2.tgz 1123ms (cache miss)
1301 http fetch GET 200 https://registry.npmjs.org/node-fetch/-/node-fetch-3.3.2.tgz 1118ms (cache miss)
1302 http fetch GET 200 https://registry.npmjs.org/google-logging-utils/-/google-logging-utils-1.1.3.tgz 1128ms (cache miss)
1303 http fetch GET 200 https://registry.npmjs.org/open/-/open-10.2.0.tgz 1125ms (cache miss)
1304 http fetch GET 200 https://registry.npmjs.org/debug/-/debug-4.4.3.tgz 1137ms (cache miss)
1305 http fetch GET 200 https://registry.npmjs.org/ws/-/ws-8.21.1.tgz 1184ms (cache miss)
1306 http fetch GET 200 https://registry.npmjs.org/ignore/-/ignore-5.3.2.tgz 1199ms (cache miss)
1307 http fetch GET 200 https://registry.npmjs.org/pako/-/pako-0.2.9.tgz 1274ms (cache miss)
1308 http fetch GET 200 https://registry.npmjs.org/undici-types/-/undici-types-8.3.0.tgz 1265ms (cache miss)
1309 http fetch GET 200 https://registry.npmjs.org/giget/-/giget-3.3.0.tgz 1213ms (cache miss)
1310 http fetch GET 200 https://registry.npmjs.org/roarr/-/roarr-2.15.4.tgz 1289ms (cache miss)
1311 http fetch GET 200 https://registry.npmjs.org/adm-zip 1077ms (cache miss)
1312 silly packumentCache corgi:https://registry.npmjs.org/adm-zip set size:undefined disposed:false
1313 http fetch GET 200 https://registry.npmjs.org/@hono%2fnode-server 1156ms (cache miss)
1314 silly packumentCache corgi:https://registry.npmjs.org/@hono%2fnode-server set size:undefined disposed:false
1315 http fetch GET 200 https://registry.npmjs.org/sharp 1218ms (cache miss)
1316 silly packumentCache corgi:https://registry.npmjs.org/sharp set size:undefined disposed:false
1317 http fetch GET 200 https://registry.npmjs.org/adm-zip/-/adm-zip-0.5.18.tgz 1440ms (cache miss)
1318 http fetch GET 200 https://registry.npmjs.org/esbuild/-/esbuild-0.25.12.tgz 1464ms (cache miss)
1319 silly packumentCache corgi:https://registry.npmjs.org/hyperframes cache-miss
1320 warn deprecated node-domexception@1.0.0: Use your platform's native DOMException instead
1321 http fetch GET 200 https://registry.npmjs.org/restructure/-/restructure-3.0.2.tgz 1528ms (cache miss)
1322 http fetch GET 200 https://registry.npmjs.org/brotli/-/brotli-1.3.3.tgz 1525ms (cache miss)
1323 http cache https://registry.npmjs.org/hyperframes 57ms (cache hit)
1324 silly packumentCache corgi:https://registry.npmjs.org/hyperframes set size:490535 disposed:false
1325 http fetch GET 200 https://registry.npmjs.org/sharp/-/sharp-0.34.5.tgz 1581ms (cache miss)
1326 silly packumentCache corgi:https://registry.npmjs.org/onnxruntime-node cache-miss
1327 http fetch GET 200 https://registry.npmjs.org/semver/-/semver-7.8.5.tgz 1739ms (cache miss)
1328 http fetch GET 200 https://registry.npmjs.org/onnxruntime-node 245ms (cache miss)
1329 silly packumentCache corgi:https://registry.npmjs.org/onnxruntime-node set size:undefined disposed:false
1330 http fetch GET 200 https://registry.npmjs.org/postcss/-/postcss-8.5.22.tgz 1951ms (cache miss)
1331 http fetch GET 200 https://registry.npmjs.org/yargs/-/yargs-18.0.0.tgz 2167ms (cache miss)
1332 http fetch GET 200 https://registry.npmjs.org/@hono/node-server/-/node-server-1.19.14.tgz 2308ms (cache miss)
1333 http fetch GET 200 https://registry.npmjs.org/global-agent/-/global-agent-3.0.0.tgz 2385ms (cache miss)
1334 http fetch GET 200 https://registry.npmjs.org/@types/node/-/node-26.1.1.tgz 2479ms (cache miss)
1335 http fetch GET 200 https://registry.npmjs.org/devtools-protocol/-/devtools-protocol-0.0.1638949.tgz 2730ms (cache miss)
1336 http fetch GET 200 https://registry.npmjs.org/protobufjs/-/protobufjs-7.6.5.tgz 2935ms (cache miss)
1337 http fetch GET 200 https://registry.npmjs.org/@puppeteer/browsers/-/browsers-3.0.6.tgz 2978ms (cache miss)
1338 http fetch GET 200 https://registry.npmjs.org/gaxios/-/gaxios-7.2.0.tgz 3041ms (cache miss)
1339 http fetch GET 200 https://registry.npmjs.org/@esbuild/win32-x64/-/win32-x64-0.25.12.tgz 3134ms (cache miss)
1340 http fetch GET 200 https://registry.npmjs.org/web-streams-polyfill/-/web-streams-polyfill-3.3.3.tgz 3269ms (cache miss)
1341 http fetch GET 200 https://registry.npmjs.org/google-auth-library/-/google-auth-library-10.9.0.tgz 3363ms (cache miss)
1342 http fetch GET 200 https://registry.npmjs.org/prettier/-/prettier-3.9.6.tgz 3437ms (cache miss)
1343 http fetch GET 200 https://registry.npmjs.org/@img/sharp-win32-x64/-/sharp-win32-x64-0.34.5.tgz 3823ms (cache miss)
1344 http fetch GET 200 https://registry.npmjs.org/@google/genai/-/genai-1.52.0.tgz 3787ms (cache miss)
1345 http fetch GET 200 https://registry.npmjs.org/fontkit/-/fontkit-2.0.4.tgz 3999ms (cache miss)
1346 http fetch GET 200 https://registry.npmjs.org/onnxruntime-common/-/onnxruntime-common-1.23.2.tgz 4091ms (cache miss)
1347 http fetch GET 200 https://registry.npmjs.org/hyperframes/-/hyperframes-0.7.68.tgz 4831ms (cache miss)
1348 http fetch GET 200 https://registry.npmjs.org/@swc/helpers/-/helpers-0.5.23.tgz 5214ms (cache miss)
1349 http fetch GET 200 https://registry.npmjs.org/chromium-bidi/-/chromium-bidi-16.0.1.tgz 5736ms (cache miss)
1350 http fetch GET 200 https://registry.npmjs.org/zod/-/zod-3.25.76.tgz 7136ms (cache miss)
1351 http fetch GET 200 https://registry.npmjs.org/hono/-/hono-4.12.31.tgz 7368ms (cache miss)
1352 http fetch GET 200 https://registry.npmjs.org/puppeteer-core/-/puppeteer-core-25.3.0.tgz 9121ms (cache miss)
1353 http fetch GET 200 https://registry.npmjs.org/onnxruntime-node/-/onnxruntime-node-1.23.2.tgz 9461ms (cache miss)
1354 info run @google/genai@1.52.0 preinstall node_modules/@google/genai echo 'preinstall: no-op'
1355 info run @google/genai@1.52.0 preinstall { code: 0, signal: null }
1356 info run sharp@0.34.5 install node_modules/sharp node install/check.js || npm run build
1357 info run sharp@0.34.5 install { code: 0, signal: null }
1358 info run esbuild@0.25.12 postinstall node_modules/esbuild node install.js
1359 info run onnxruntime-node@1.23.2 postinstall node_modules/onnxruntime-node node ./script/install
1360 info run protobufjs@7.6.5 postinstall node_modules/protobufjs node scripts/postinstall
1361 info run protobufjs@7.6.5 postinstall { code: 0, signal: null }
1362 info run onnxruntime-node@1.23.2 postinstall { code: 0, signal: null }
1363 info run esbuild@0.25.12 postinstall { code: 0, signal: null }
1364 verbose cwd D:\APPS(d)\KryinEphor\KryinEphor
1365 verbose os Windows_NT 10.0.26200
1366 verbose node v24.13.0
1367 verbose npm  v11.6.2
1368 notice
1368 notice New minor version of npm available! 11.6.2 -> 11.18.0
1368 notice Changelog: https://github.com/npm/cli/releases/tag/v11.18.0
1368 notice To update run: npm install -g npm@11.18.0
1368 notice  { force: true, Symbol(proc-log.meta): true }
1369 verbose exit 0
1370 info ok
